ids,labels,parents,,,,,,,,,,,,,
K,K,,,,,,,,,,,,,,
LANDROVER/RANGE ROVER,LANDROVER/RANGE ROVER,K,,,,,,,,,,,,,
TOYOTA,TOYOTA,K,,,,,,,,,,,,,
MERCEDES ,MERCEDES ,K,,,,,,,,,,,,,
SUZUKI,SUZUKI,K,,,,,,,,,,,,,
BMW,BMW,K,,,,,,,,,,,,,
NISSAN,NISSAN,K,,,,,,,,,,,,,
MAZDA,MAZDA,K,,,,,,,,,,,,,
AUDI,AUDI,K,,,,,,,,,,,,,
DAIHATSU,DAIHATSU,K,,,,,,,,,,,,,
HONDA,HONDA,K,,,,,,,,,,,,,
MITSUBISHI,MITSUBISHI,K,,,,,,,,,,,,,
LEXUS,LEXUS,K,,,,,,,,,,,,,
SUBARU,SUBARU,K,,,,,,,,,,,,,
VOLKSWAGEN,VOLKSWAGEN,K,,,,,,,,,,,,,
VOLVO,VOLVO,K,,,,,,,,,,,,,
Others,Others,K,,,,,,,,,,,,,
DEFENDER,DEFENDER,LANDROVER/RANGE ROVER,,,,,,,,,,,,,
DISCOVERY,DISCOVERY,LANDROVER/RANGE ROVER,,,,,,,,,,,,,
RANGE ROVER,RANGE ROVER,LANDROVER/RANGE ROVER,,,,,,,,,,,,,
RANGE ROVER EVOQUE,RANGE ROVER EVOQUE,LANDROVER/RANGE ROVER,,,,,,,,,,,,,
RANGE ROVER  S/C ,RANGE ROVER  S/C ,LANDROVER/RANGE ROVER,,,,,,,,,,,,,
RANGE ROVER SPORT,RANGE ROVER SPORT,LANDROVER/RANGE ROVER,,,,,,,,,,,,,
RANGE ROVER  T/C,RANGE ROVER  T/C,LANDROVER/RANGE ROVER,,,,,,,,,,,,,
RANGE ROVER  S/C ,RANGE ROVER  S/C ,LANDROVER/RANGE ROVER,,,,,,,,,,,,,
DEFENDER  T/C   5 DOOR 200PS X-DYNAMIC SE,DEFENDER  T/C   5 DOOR 200PS X-DYNAMIC SE,DEFENDER,,,,,,,,,,,,,
DEFENDER  T/C  3 DOOR  240PS FIRST EDITION 90,DEFENDER  T/C  3 DOOR  240PS FIRST EDITION 91,DEFENDER,,,,,,,,,,,,,
DEFENDER  T/C  3 DOOR  300PS,DEFENDER  T/C  3 DOOR  300PS,DEFENDER,,,,,,,,,,,,,
DEFENDER  T/C  3 DOOR  300PS S,DEFENDER  T/C  3 DOOR  300PS S,DEFENDER,,,,,,,,,,,,,
DEFENDER  T/C  3 DOOR 240PS,DEFENDER  T/C  3 DOOR 240PS,DEFENDER,,,,,,,,,,,,,
DEFENDER  T/C  3 DOOR 240PS X-DYNAMIC HSE,DEFENDER  T/C  3 DOOR 240PS X-DYNAMIC HSE,DEFENDER,,,,,,,,,,,,,
DEFENDER  T/C  3 DOOR 240PS X-DYNAMIC SE,DEFENDER  T/C  3 DOOR 240PS X-DYNAMIC SE,DEFENDER,,,,,,,,,,,,,
DEFENDER  T/C  3 DOOR 300PS,DEFENDER  T/C  3 DOOR 300PS,DEFENDER,,,,,,,,,,,,,
DEFENDER  T/C  3 DOOR 300PS X,DEFENDER  T/C  3 DOOR 300PS X,DEFENDER,,,,,,,,,,,,,
DEFENDER  T/C  3 DOOR 300PS X-DYNAMIC SE,DEFENDER  T/C  3 DOOR 300PS X-DYNAMIC SE,DEFENDER,,,,,,,,,,,,,
DEFENDER  T/C  5 DOOR  300PS X-DYNAMIC HSE,DEFENDER  T/C  5 DOOR  300PS X-DYNAMIC HSE,DEFENDER,,,,,,,,,,,,,
DEFENDER  T/C  5 DOOR 200PS S,DEFENDER  T/C  5 DOOR 200PS S,DEFENDER,,,,,,,,,,,,,
DEFENDER  T/C  5 DOOR 200PS X-DYNAMIC HSE,DEFENDER  T/C  5 DOOR 200PS X-DYNAMIC HSE,DEFENDER,,,,,,,,,,,,,
DEFENDER  T/C  5 DOOR 240PS S,DEFENDER  T/C  5 DOOR 240PS S,DEFENDER,,,,,,,,,,,,,
DEFENDER  T/C  5 DOOR 300PS,DEFENDER  T/C  5 DOOR 300PS,DEFENDER,,,,,,,,,,,,,
DEFENDER  T/C  5 DOOR 300PS,DEFENDER  T/C  5 DOOR 300PS,DEFENDER,,,,,,,,,,,,,
DEFENDER  T/C  5 DOOR 300PS S,DEFENDER  T/C  5 DOOR 300PS S,DEFENDER,,,,,,,,,,,,,
DEFENDER  T/C  5 DOOR 300PS X-DYNAMIC HSE,DEFENDER  T/C  5 DOOR 300PS X-DYNAMIC HSE,DEFENDER,,,,,,,,,,,,,
DEFENDER  T/C  5 DOOR 300PS X-DYNAMIC S,DEFENDER  T/C  5 DOOR 300PS X-DYNAMIC S,DEFENDER,,,,,,,,,,,,,
DEFENDER  T/C  5 DOOR 300PS XS EDITION,DEFENDER  T/C  5 DOOR 300PS XS EDITION,DEFENDER,,,,,,,,,,,,,
DEFENDER  T/C  AWD 3 DOOR 300PS S,DEFENDER  T/C  AWD 3 DOOR 300PS S,DEFENDER,,,,,,,,,,,,,
DEFENDER  T/C  AWD 3 DOOR 300PS X-DYNAMIC S,DEFENDER  T/C  AWD 3 DOOR 300PS X-DYNAMIC S,DEFENDER,,,,,,,,,,,,,
DEFENDER  T/C  MHEV  5 DOOR 400PS FIRST EDITION 110,DEFENDER  T/C  MHEV  5 DOOR 400PS FIRST EDITION 111,DEFENDER,,,,,,,,,,,,,
DEFENDER  T/C  MHEV  5 DOOR 400PS S,DEFENDER  T/C  MHEV  5 DOOR 400PS S,DEFENDER,,,,,,,,,,,,,
DEFENDER  T/C  MHEV 3 DOOR  400PS X-DYNAMIC HSE,DEFENDER  T/C  MHEV 3 DOOR  400PS X-DYNAMIC HSE,DEFENDER,,,,,,,,,,,,,
DEFENDER  T/C  MHEV 3 DOOR  400PS XS EDITION,DEFENDER  T/C  MHEV 3 DOOR  400PS XS EDITION,DEFENDER,,,,,,,,,,,,,
DEFENDER  T/C  MHEV 3 DOOR 400PS S,DEFENDER  T/C  MHEV 3 DOOR 400PS S,DEFENDER,,,,,,,,,,,,,
DEFENDER  T/C  MHEV 3 DOOR 400PS X,DEFENDER  T/C  MHEV 3 DOOR 400PS X,DEFENDER,,,,,,,,,,,,,
DEFENDER  T/C  MHEV 3 DOOR 400PS X-DYNAMIC HSE,DEFENDER  T/C  MHEV 3 DOOR 400PS X-DYNAMIC HSE,DEFENDER,,,,,,,,,,,,,
DEFENDER  T/C  MHEV 3 DOOR 400PS X-DYNAMIC SE,DEFENDER  T/C  MHEV 3 DOOR 400PS X-DYNAMIC SE,DEFENDER,,,,,,,,,,,,,
DEFENDER  T/C  MHEV 5 DOOR  400PS X,DEFENDER  T/C  MHEV 5 DOOR  400PS X,DEFENDER,,,,,,,,,,,,,
DEFENDER  T/C  MHEV 5 DOOR  400PS X-DYNAMIC HSE,DEFENDER  T/C  MHEV 5 DOOR  400PS X-DYNAMIC HSE,DEFENDER,,,,,,,,,,,,,
DEFENDER  T/C  MHEV 5 DOOR  400PS X-DYNAMIC S,DEFENDER  T/C  MHEV 5 DOOR  400PS X-DYNAMIC S,DEFENDER,,,,,,,,,,,,,
DEFENDER  T/C  MHEV 5 DOOR  400PS X-DYNAMIC SE,DEFENDER  T/C  MHEV 5 DOOR  400PS X-DYNAMIC SE,DEFENDER,,,,,,,,,,,,,
DEFENDER  T/C  MHEV 5 DOOR  400PS XS EDITION,DEFENDER  T/C  MHEV 5 DOOR  400PS XS EDITION,DEFENDER,,,,,,,,,,,,,
DEFENDER  T/C  MHEV 5 DOOR 400PS X,DEFENDER  T/C  MHEV 5 DOOR 400PS X,DEFENDER,,,,,,,,,,,,,
DEFENDER  T/C  MHEV 5 DOOR 400PS X-DYNAMIC HSE,DEFENDER  T/C  MHEV 5 DOOR 400PS X-DYNAMIC HSE,DEFENDER,,,,,,,,,,,,,
DEFENDER  T/C  MHEV AWD  5 DOOR 400PS S,DEFENDER  T/C  MHEV AWD  5 DOOR 400PS S,DEFENDER,,,,,,,,,,,,,
DEFENDER  T/C  MHEV AWD 3 DOOR 400PS S,DEFENDER  T/C  MHEV AWD 3 DOOR 400PS S,DEFENDER,,,,,,,,,,,,,
DEFENDER  T/C  MHEV AWD 3 DOOR 400PS XS EDITION,DEFENDER  T/C  MHEV AWD 3 DOOR 400PS XS EDITION,DEFENDER,,,,,,,,,,,,,
DEFENDER  T/C  PHEV  5 DOOR 404PS X-DYNAMIC HSE,DEFENDER  T/C  PHEV  5 DOOR 404PS X-DYNAMIC HSE,DEFENDER,,,,,,,,,,,,,
DEFENDER  T/C  PHEV 5 DOOR  404PS S,DEFENDER  T/C  PHEV 5 DOOR  404PS S,DEFENDER,,,,,,,,,,,,,
DEFENDER  T/C  PHEV 5 DOOR  404PS X-DYNAMIC S,DEFENDER  T/C  PHEV 5 DOOR  404PS X-DYNAMIC S,DEFENDER,,,,,,,,,,,,,
DEFENDER  T/C  PHEV 5 DOOR 404PS S,DEFENDER  T/C  PHEV 5 DOOR 404PS S,DEFENDER,,,,,,,,,,,,,
DEFENDER  T/C  PHEV 5 DOOR 404PS X-DYNAMIC SE,DEFENDER  T/C  PHEV 5 DOOR 404PS X-DYNAMIC SE,DEFENDER,,,,,,,,,,,,,
DEFENDER  T/C 3  300PS X-DYNAMIC S,DEFENDER  T/C 3  300PS X-DYNAMIC S,DEFENDER,,,,,,,,,,,,,
DEFENDER  T/C 3 DOOR  300PS X,DEFENDER  T/C 3 DOOR  300PS X,DEFENDER,,,,,,,,,,,,,
DEFENDER  T/C 3 DOOR  300PS X-DYNAMIC HSE,DEFENDER  T/C 3 DOOR  300PS X-DYNAMIC HSE,DEFENDER,,,,,,,,,,,,,
DEFENDER  T/C 3 DOOR  300PS X-DYNAMIC HSE,DEFENDER  T/C 3 DOOR  300PS X-DYNAMIC HSE,DEFENDER,,,,,,,,,,,,,
DEFENDER  T/C 3 DOOR  300PS X-DYNAMIC SE,DEFENDER  T/C 3 DOOR  300PS X-DYNAMIC SE,DEFENDER,,,,,,,,,,,,,
DEFENDER  T/C 3 DOOR 240PS X-DYNAMIC HSE,DEFENDER  T/C 3 DOOR 240PS X-DYNAMIC HSE,DEFENDER,,,,,,,,,,,,,
DEFENDER  T/C 3 DOOR 240PS X-DYNAMIC SE,DEFENDER  T/C 3 DOOR 240PS X-DYNAMIC SE,DEFENDER,,,,,,,,,,,,,
DEFENDER  T/C 3 DOOR 300PS S,DEFENDER  T/C 3 DOOR 300PS S,DEFENDER,,,,,,,,,,,,,
DEFENDER  T/C 3 DOOR 300PS X-DYNAMIC HSE,DEFENDER  T/C 3 DOOR 300PS X-DYNAMIC HSE,DEFENDER,,,,,,,,,,,,,
DEFENDER  T/C 3 DOOR 300PS X-DYNAMIC SE,DEFENDER  T/C 3 DOOR 300PS X-DYNAMIC SE,DEFENDER,,,,,,,,,,,,,
DEFENDER  T/C 5 DOOR  240PS X-DYNAMIC S,DEFENDER  T/C 5 DOOR  240PS X-DYNAMIC S,DEFENDER,,,,,,,,,,,,,
DEFENDER  T/C 5 DOOR  300PS 75TH ANNIVERSARY EDITION,DEFENDER  T/C 5 DOOR  300PS 75TH ANNIVERSARY EDITION,DEFENDER,,,,,,,,,,,,,
DEFENDER  T/C 5 DOOR  300PS X-DYNAMIC HSE,DEFENDER  T/C 5 DOOR  300PS X-DYNAMIC HSE,DEFENDER,,,,,,,,,,,,,
DEFENDER  T/C 5 DOOR  LWB 300PS X-DYNAMIC HSE,DEFENDER  T/C 5 DOOR  LWB 300PS X-DYNAMIC HSE,DEFENDER,,,,,,,,,,,,,
DEFENDER  T/C 5 DOOR 240PS,DEFENDER  T/C 5 DOOR 240PS,DEFENDER,,,,,,,,,,,,,
DEFENDER  T/C 5 DOOR 240PS S,DEFENDER  T/C 5 DOOR 240PS S,DEFENDER,,,,,,,,,,,,,
DEFENDER  T/C 5 DOOR 240PS X-DYNAMIC SE,DEFENDER  T/C 5 DOOR 240PS X-DYNAMIC SE,DEFENDER,,,,,,,,,,,,,
DEFENDER  T/C 5 DOOR 300PS X-DYNAMIC SE,DEFENDER  T/C 5 DOOR 300PS X-DYNAMIC SE,DEFENDER,,,,,,,,,,,,,
DEFENDER  T/C 5 DOOR 300PS X-DYNAMIC SE,DEFENDER  T/C 5 DOOR 300PS X-DYNAMIC SE,DEFENDER,,,,,,,,,,,,,
DEFENDER  T/C DIESEL  5 DOOR LWB 300PS X,DEFENDER  T/C DIESEL  5 DOOR LWB 300PS X,DEFENDER,,,,,,,,,,,,,
DEFENDER  T/C DIESEL 5 DOOR  300PS X-DYNAMIC HSE,DEFENDER  T/C DIESEL 5 DOOR  300PS X-DYNAMIC HSE,DEFENDER,,,,,,,,,,,,,
DEFENDER  T/C MHEV 3 DOOR  400PS X,DEFENDER  T/C MHEV 3 DOOR  400PS X,DEFENDER,,,,,,,,,,,,,
DEFENDER  T/C MHEV 3 DOOR 400PS X-DYNAMIC S,DEFENDER  T/C MHEV 3 DOOR 400PS X-DYNAMIC S,DEFENDER,,,,,,,,,,,,,
DEFENDER  T/C MHEV 5 DOOR 400PS S,DEFENDER  T/C MHEV 5 DOOR 400PS S,DEFENDER,,,,,,,,,,,,,
DEFENDER  T/C MHEV 5 DOOR 400PS X-DYNAMIC SE,DEFENDER  T/C MHEV 5 DOOR 400PS X-DYNAMIC SE,DEFENDER,,,,,,,,,,,,,
DEFENDER  T/C MHEV AWD 5 DOOR 400PS 75TH ANNIVERSARY EDITION,DEFENDER  T/C MHEV AWD 5 DOOR 400PS 75TH ANNIVERSARY EDITION,DEFENDER,,,,,,,,,,,,,
DEFENDER  T/C MHEV DOOR LWB 400PS X,DEFENDER  T/C MHEV DOOR LWB 400PS X,DEFENDER,,,,,,,,,,,,,
DEFENDER  T/C3 DOOR  300PS X-DYNAMIC HSE,DEFENDER  T/C3 DOOR  300PS X-DYNAMIC HSE,DEFENDER,,,,,,,,,,,,,
DEFENDER 2996C T/C DIESEL AWD 3 DOOR AUTO 300PS X-DYNAMIC SE,DEFENDER 2996C T/C DIESEL AWD 3 DOOR AUTO 300PS X-DYNAMIC SE,DEFENDER,,,,,,,,,,,,,
DEFENDER T/C  5 DOOR  300PS S,DEFENDER T/C  5 DOOR  300PS S,DEFENDER,,,,,,,,,,,,,
DEFENDER T/C  5 DOOR  300PS S,DEFENDER T/C  5 DOOR  300PS S,DEFENDER,,,,,,,,,,,,,
DEFENDER T/C  5 DOOR 240PS FIRST EDITION 110,DEFENDER T/C  5 DOOR 240PS FIRST EDITION 111,DEFENDER,,,,,,,,,,,,,
DEFENDER T/C  5 DOOR 240PS X-DYNAMIC HSE,DEFENDER T/C  5 DOOR 240PS X-DYNAMIC HSE,DEFENDER,,,,,,,,,,,,,
DEFENDER T/C  5 DOOR 300PS S,DEFENDER T/C  5 DOOR 300PS S,DEFENDER,,,,,,,,,,,,,
DEFENDER T/C  5 DOOR 300PS X,DEFENDER T/C  5 DOOR 300PS X,DEFENDER,,,,,,,,,,,,,
DEFENDER T/C  5 DOOR 300PS X-DYNAMIC SE,DEFENDER T/C  5 DOOR 300PS X-DYNAMIC SE,DEFENDER,,,,,,,,,,,,,
DEFENDER T/C  5 DOOR 300PS X-DYNAMIC SE,DEFENDER T/C  5 DOOR 300PS X-DYNAMIC SE,DEFENDER,,,,,,,,,,,,,
DEFENDER T/C  AWD 3 DOOR 300PS XS EDITION,DEFENDER T/C  AWD 3 DOOR 300PS XS EDITION,DEFENDER,,,,,,,,,,,,,
DEFENDER T/C  AWD 5 DOOR  200PS X-DYNAMIC S,DEFENDER T/C  AWD 5 DOOR  200PS X-DYNAMIC S,DEFENDER,,,,,,,,,,,,,
DEFENDER T/C  AWD 5 DOOR  300PS S,DEFENDER T/C  AWD 5 DOOR  300PS S,DEFENDER,,,,,,,,,,,,,
DEFENDER T/C  AWD 5 DOOR  300PS X,DEFENDER T/C  AWD 5 DOOR  300PS X,DEFENDER,,,,,,,,,,,,,
DEFENDER T/C  MHEV 3 DOOR  400PS 75TH ANNIVERSARY EDITION,DEFENDER T/C  MHEV 3 DOOR  400PS 75TH ANNIVERSARY EDITION,DEFENDER,,,,,,,,,,,,,
DEFENDER T/C  MHEV 3 DOOR  400PS X-DYNAMIC HSE,DEFENDER T/C  MHEV 3 DOOR  400PS X-DYNAMIC HSE,DEFENDER,,,,,,,,,,,,,
DEFENDER T/C  MHEV 3 DOOR 400PS FIRST EDITION 90,DEFENDER T/C  MHEV 3 DOOR 400PS FIRST EDITION 91,DEFENDER,,,,,,,,,,,,,
DEFENDER T/C  MHEV 3 DOOR 400PS X,DEFENDER T/C  MHEV 3 DOOR 400PS X,DEFENDER,,,,,,,,,,,,,
DEFENDER T/C  MHEV 3 DOOR 400PS X-DYNAMIC SE,DEFENDER T/C  MHEV 3 DOOR 400PS X-DYNAMIC SE,DEFENDER,,,,,,,,,,,,,
DEFENDER T/C  MHEV 5 DOOR 400PS X,DEFENDER T/C  MHEV 5 DOOR 400PS X,DEFENDER,,,,,,,,,,,,,
DEFENDER T/C  MHEV 5 DOOR 400PS X-DYNAMIC S,DEFENDER T/C  MHEV 5 DOOR 400PS X-DYNAMIC S,DEFENDER,,,,,,,,,,,,,
DEFENDER T/C  MHEV AWD 5 DOOR LWB 400PS X-DYNAMIC HSE,DEFENDER T/C  MHEV AWD 5 DOOR LWB 400PS X-DYNAMIC HSE,DEFENDER,,,,,,,,,,,,,
DEFENDER T/C  PHEV 5 DOOR  404PS X,DEFENDER T/C  PHEV 5 DOOR  404PS X,DEFENDER,,,,,,,,,,,,,
DEFENDER T/C  PHEV 5 DOOR 404PS X-DYNAMIC HSE,DEFENDER T/C  PHEV 5 DOOR 404PS X-DYNAMIC HSE,DEFENDER,,,,,,,,,,,,,
DEFENDER T/C  PHEV 5 DOOR 404PS X-DYNAMIC SE,DEFENDER T/C  PHEV 5 DOOR 404PS X-DYNAMIC SE,DEFENDER,,,,,,,,,,,,,
DEFENDER T/C 3 DOOR  240PS S,DEFENDER T/C 3 DOOR  240PS S,DEFENDER,,,,,,,,,,,,,
DEFENDER T/C 3 DOOR  300PS S,DEFENDER T/C 3 DOOR  300PS S,DEFENDER,,,,,,,,,,,,,
DEFENDER T/C 3 DOOR  300PS X-DYNAMIC SE,DEFENDER T/C 3 DOOR  300PS X-DYNAMIC SE,DEFENDER,,,,,,,,,,,,,
DEFENDER T/C 3 DOOR 240PS S,DEFENDER T/C 3 DOOR 240PS S,DEFENDER,,,,,,,,,,,,,
DEFENDER T/C 3 DOOR 300PS X,DEFENDER T/C 3 DOOR 300PS X,DEFENDER,,,,,,,,,,,,,
DEFENDER T/C 3 DOOR 300PS X-DYNAMIC HSE,DEFENDER T/C 3 DOOR 300PS X-DYNAMIC HSE,DEFENDER,,,,,,,,,,,,,
DEFENDER T/C 5 DOOR  240PS X-DYNAMIC HSE,DEFENDER T/C 5 DOOR  240PS X-DYNAMIC HSE,DEFENDER,,,,,,,,,,,,,
DEFENDER T/C 5 DOOR  240PS X-DYNAMIC SE,DEFENDER T/C 5 DOOR  240PS X-DYNAMIC SE,DEFENDER,,,,,,,,,,,,,
DEFENDER T/C 5 DOOR  300PS X-DYNAMIC SE,DEFENDER T/C 5 DOOR  300PS X-DYNAMIC SE,DEFENDER,,,,,,,,,,,,,
DEFENDER T/C 5 DOOR 300PS S,DEFENDER T/C 5 DOOR 300PS S,DEFENDER,,,,,,,,,,,,,
DEFENDER T/C 5 DOOR 300PS X,DEFENDER T/C 5 DOOR 300PS X,DEFENDER,,,,,,,,,,,,,
DEFENDER T/C 5 DOOR 300PS X-DYNAMIC HSE,DEFENDER T/C 5 DOOR 300PS X-DYNAMIC HSE,DEFENDER,,,,,,,,,,,,,
DEFENDER T/C 5 DOOR 300PS X-DYNAMIC S,DEFENDER T/C 5 DOOR 300PS X-DYNAMIC S,DEFENDER,,,,,,,,,,,,,
DEFENDER T/C MHEV 5 DOOR  400PS X-DYNAMIC SE,DEFENDER T/C MHEV 5 DOOR  400PS X-DYNAMIC SE,DEFENDER,,,,,,,,,,,,,
DEFENDER T/C MHEV 5 DOOR 400PS XS EDITION,DEFENDER T/C MHEV 5 DOOR 400PS XS EDITION,DEFENDER,,,,,,,,,,,,,
DEFENDER T/C PHEV 5 DOOR  404PS X,DEFENDER T/C PHEV 5 DOOR  404PS X,DEFENDER,,,,,,,,,,,,,
DEFENDER 110,DEFENDER 111,DEFENDER,,,,,,,,,,,,,
DEFENDER 110  HSE,DEFENDER 110  HSE,DEFENDER,,,,,,,,,,,,,
DEFENDER 110 FIRST EDITION ,DEFENDER 110 FIRST EDITION ,DEFENDER,,,,,,,,,,,,,
DEFENDER 110 S,DEFENDER 110 S,DEFENDER,,,,,,,,,,,,,
DEFENDER 110 SE,DEFENDER 110 SE,DEFENDER,,,,,,,,,,,,,
DEFENDER 110 X,DEFENDER 110 X,DEFENDER,,,,,,,,,,,,,
DEFENDER 110 X-DYNAMIC  HSE,DEFENDER 110 X-DYNAMIC  HSE,DEFENDER,,,,,,,,,,,,,
DEFENDER 110 X-DYNAMIC  SE,DEFENDER 110 X-DYNAMIC  SE,DEFENDER,,,,,,,,,,,,,
DEFENDER 90 ,DEFENDER 91,DEFENDER,,,,,,,,,,,,,
DEFENDER 90 S,DEFENDER 90 S,DEFENDER,,,,,,,,,,,,,
DEFENDER 90 X,DEFENDER 90 X,DEFENDER,,,,,,,,,,,,,
DEFENDER 90 X-DYNAMIC S,DEFENDER 90 X-DYNAMIC S,DEFENDER,,,,,,,,,,,,,
DEFENDER T/C 400PS  5 DOOR VOGUE SE,DEFENDER T/C 400PS  5 DOOR VOGUE SE,DEFENDER,,,,,,,,,,,,,
DISCOVERY  T/C  5 DOOR 300PS R-DYNAMIC HSE,DISCOVERY  T/C  5 DOOR 300PS R-DYNAMIC HSE,DISCOVERY,,,,,,,,,,,,,
DISCOVERY  T/C 300PS  5 DOOR  S,DISCOVERY  T/C 300PS  5 DOOR  S,DISCOVERY,,,,,,,,,,,,,
DISCOVERY  T/C 300PS  5 DOOR S,DISCOVERY  T/C 300PS  5 DOOR S,DISCOVERY,,,,,,,,,,,,,
DISCOVERY  T/C 300PS 5 DOOR  R-DYNAMIC SE,DISCOVERY  T/C 300PS 5 DOOR  R-DYNAMIC SE,DISCOVERY,,,,,,,,,,,,,
DISCOVERY  T/C 360PS  5 DOOR R-DYNAMIC SE,DISCOVERY  T/C 360PS  5 DOOR R-DYNAMIC SE,DISCOVERY,,,,,,,,,,,,,
DISCOVERY  T/C 360PS  5 DOOR S,DISCOVERY  T/C 360PS  5 DOOR S,DISCOVERY,,,,,,,,,,,,,
DISCOVERY  T/C 360PS 5 DOOR  R-DYNAMIC SE,DISCOVERY  T/C 360PS 5 DOOR  R-DYNAMIC SE,DISCOVERY,,,,,,,,,,,,,
DISCOVERY  T/C 360PS 5 DOOR S,DISCOVERY  T/C 360PS 5 DOOR S,DISCOVERY,,,,,,,,,,,,,
DISCOVERY  T/C 5 DOOR 300PS R-DYNAMIC HSE,DISCOVERY  T/C 5 DOOR 300PS R-DYNAMIC HSE,DISCOVERY,,,,,,,,,,,,,
DISCOVERY FIRST EDITION,DISCOVERY FIRST EDITION,DISCOVERY,,,,,,,,,,,,,
DISCOVERY HSE,DISCOVERY HSE,DISCOVERY,,,,,,,,,,,,,
DISCOVERY HSE LUXURY,DISCOVERY HSE LUXURY,DISCOVERY,,,,,,,,,,,,,
DISCOVERY SE,DISCOVERY SE,DISCOVERY,,,,,,,,,,,,,
DISCOVERY SPORT  5 DOOR 250PS URBAN EDITION,DISCOVERY SPORT  5 DOOR 250PS URBAN EDITION,DISCOVERY,,,,,,,,,,,,,
DISCOVERY SPORT  HSE ,DISCOVERY SPORT  HSE ,DISCOVERY,,,,,,,,,,,,,
DISCOVERY SPORT  HSE 286HP ,DISCOVERY SPORT  HSE 286HP ,DISCOVERY,,,,,,,,,,,,,
DISCOVERY SPORT  HSE LUXURY,DISCOVERY SPORT  HSE LUXURY,DISCOVERY,,,,,,,,,,,,,
DISCOVERY SPORT  HSE LUXURY 286HP,DISCOVERY SPORT  HSE LUXURY 286HP,DISCOVERY,,,,,,,,,,,,,
DISCOVERY SPORT  HSE R-DYNAMIC,DISCOVERY SPORT  HSE R-DYNAMIC,DISCOVERY,,,,,,,,,,,,,
DISCOVERY SPORT  S ,DISCOVERY SPORT  S ,DISCOVERY,,,,,,,,,,,,,
DISCOVERY SPORT  S R- DYNAMIC  ,DISCOVERY SPORT  S R- DYNAMIC  ,DISCOVERY,,,,,,,,,,,,,
DISCOVERY SPORT  SE,DISCOVERY SPORT  SE,DISCOVERY,,,,,,,,,,,,,
DISCOVERY SPORT  SE R-DYNAMIC,DISCOVERY SPORT  SE R-DYNAMIC,DISCOVERY,,,,,,,,,,,,,
DISCOVERY SPORT  SR- DYNAMIC  ,DISCOVERY SPORT  SR- DYNAMIC  ,DISCOVERY,,,,,,,,,,,,,
DISCOVERY SPORT  STANDARD,DISCOVERY SPORT  STANDARD,DISCOVERY,,,,,,,,,,,,,
DISCOVERY SPORT  T/C  5 DOOR  199PS,DISCOVERY SPORT  T/C  5 DOOR  199PS,DISCOVERY,,,,,,,,,,,,,
DISCOVERY SPORT  T/C  5 DOOR  199PS R-DYNAMIC S,DISCOVERY SPORT  T/C  5 DOOR  199PS R-DYNAMIC S,DISCOVERY,,,,,,,,,,,,,
DISCOVERY SPORT  T/C  5 DOOR 199PS R-DYNAMIC HSE,DISCOVERY SPORT  T/C  5 DOOR 199PS R-DYNAMIC HSE,DISCOVERY,,,,,,,,,,,,,
DISCOVERY SPORT  T/C  5 DOOR 199PS S,DISCOVERY SPORT  T/C  5 DOOR 199PS S,DISCOVERY,,,,,,,,,,,,,
DISCOVERY SPORT  T/C  5 DOOR 199PS URBAN EDITION,DISCOVERY SPORT  T/C  5 DOOR 199PS URBAN EDITION,DISCOVERY,,,,,,,,,,,,,
DISCOVERY SPORT  T/C 249PS  5 DOOR  R-DYNAMIC HSE,DISCOVERY SPORT  T/C 249PS  5 DOOR  R-DYNAMIC HSE,DISCOVERY,,,,,,,,,,,,,
DISCOVERY SPORT  T/C 249PS  5 DOOR  S,DISCOVERY SPORT  T/C 249PS  5 DOOR  S,DISCOVERY,,,,,,,,,,,,,
DISCOVERY SPORT  T/C 249PS  5 DOOR R-DYNAMIC SE,DISCOVERY SPORT  T/C 249PS  5 DOOR R-DYNAMIC SE,DISCOVERY,,,,,,,,,,,,,
DISCOVERY SPORT  T/C 249PS 5 DOOR  R-DYNAMIC S,DISCOVERY SPORT  T/C 249PS 5 DOOR  R-DYNAMIC S,DISCOVERY,,,,,,,,,,,,,
DISCOVERY SPORT  T/C 249PS 5 DOOR R-DYNAMIC SE,DISCOVERY SPORT  T/C 249PS 5 DOOR R-DYNAMIC SE,DISCOVERY,,,,,,,,,,,,,
DISCOVERY SPORT  T/C 5 DOOR 199PS R-DYNAMIC HSE,DISCOVERY SPORT  T/C 5 DOOR 199PS R-DYNAMIC HSE,DISCOVERY,,,,,,,,,,,,,
DISCOVERY SPORT  T/C 5 DOOR 249PS,DISCOVERY SPORT  T/C 5 DOOR 249PS,DISCOVERY,,,,,,,,,,,,,
DISCOVERY SPORT  T/C 5 DOOR AUTO 199PS R-DYNAMIC HSE,DISCOVERY SPORT  T/C 5 DOOR AUTO 199PS R-DYNAMIC HSE,DISCOVERY,,,,,,,,,,,,,
DISCOVERY SPORT 249PS 5 DOOR  R-DYNAMIC HSE,DISCOVERY SPORT 249PS 5 DOOR  R-DYNAMIC HSE,DISCOVERY,,,,,,,,,,,,,
DISCOVERY SPORT HSE,DISCOVERY SPORT HSE,DISCOVERY,,,,,,,,,,,,,
DISCOVERY SPORT HSE LUXURY,DISCOVERY SPORT HSE LUXURY,DISCOVERY,,,,,,,,,,,,,
DISCOVERY SPORT LANDMARK ,DISCOVERY SPORT LANDMARK ,DISCOVERY,,,,,,,,,,,,,
DISCOVERY SPORT SE,DISCOVERY SPORT SE,DISCOVERY,,,,,,,,,,,,,
DISCOVERY SPORT T/C  5 DOOR  199PS R-DYNAMIC SE,DISCOVERY SPORT T/C  5 DOOR  199PS R-DYNAMIC SE,DISCOVERY,,,,,,,,,,,,,
DISCOVERY SPORT T/C  5 DOOR  199PS S,DISCOVERY SPORT T/C  5 DOOR  199PS S,DISCOVERY,,,,,,,,,,,,,
DISCOVERY SPORT T/C  5 DOOR 199PS R-DYNAMIC SE,DISCOVERY SPORT T/C  5 DOOR 199PS R-DYNAMIC SE,DISCOVERY,,,,,,,,,,,,,
DISCOVERY SPORT T/C  5 DOOR 250PS URBAN EDITION,DISCOVERY SPORT T/C  5 DOOR 250PS URBAN EDITION,DISCOVERY,,,,,,,,,,,,,
DISCOVERY SPORT T/C 249PS 5 DOOR  R-DYNAMIC SE,DISCOVERY SPORT T/C 249PS 5 DOOR  R-DYNAMIC SE,DISCOVERY,,,,,,,,,,,,,
DISCOVERY SPORT T/C 249PS 5 DOOR  S,DISCOVERY SPORT T/C 249PS 5 DOOR  S,DISCOVERY,,,,,,,,,,,,,
DISCOVERY SPORT T/C 249PS 5 DOOR R-DYNAMIC HSE,DISCOVERY SPORT T/C 249PS 5 DOOR R-DYNAMIC HSE,DISCOVERY,,,,,,,,,,,,,
DISCOVERY SPORT T/C 249PS 5 DOOR S,DISCOVERY SPORT T/C 249PS 5 DOOR S,DISCOVERY,,,,,,,,,,,,,
DISCOVERY SPORT T/C 5 DOOR 199PS R-DYNAMIC SE,DISCOVERY SPORT T/C 5 DOOR 199PS R-DYNAMIC SE,DISCOVERY,,,,,,,,,,,,,
DISCOVERY SPORT T/C 5 DOOR 199PS S,DISCOVERY SPORT T/C 5 DOOR 199PS S,DISCOVERY,,,,,,,,,,,,,
DISCOVERY SPORT T/C 5 DOOR AUTO 199PS URBAN EDITION,DISCOVERY SPORT T/C 5 DOOR AUTO 199PS URBAN EDITION,DISCOVERY,,,,,,,,,,,,,
DISCOVERY T/C  MHEV 5 DOOR 360PS METROPOLITAN EDITION,DISCOVERY T/C  MHEV 5 DOOR 360PS METROPOLITAN EDITION,DISCOVERY,,,,,,,,,,,,,
DISCOVERY T/C 300PS  5 DOOR R-DYNAMIC SE,DISCOVERY T/C 300PS  5 DOOR R-DYNAMIC SE,DISCOVERY,,,,,,,,,,,,,
DISCOVERY T/C 300PS 5 DOOR  S,DISCOVERY T/C 300PS 5 DOOR  S,DISCOVERY,,,,,,,,,,,,,
DISCOVERY T/C 300PS 5 DOOR R-DYNAMIC SE,DISCOVERY T/C 300PS 5 DOOR R-DYNAMIC SE,DISCOVERY,,,,,,,,,,,,,
DISCOVERY T/C 360PS  5 DOOR R-DYNAMIC HSE,DISCOVERY T/C 360PS  5 DOOR R-DYNAMIC HSE,DISCOVERY,,,,,,,,,,,,,
DISCOVERY T/C 360PS MHEV 5 DOOR R-DYNAMIC SE,DISCOVERY T/C 360PS MHEV 5 DOOR R-DYNAMIC SE,DISCOVERY,,,,,,,,,,,,,
DISCOVERY T/C 360PS MHEV 5 DOOR S,DISCOVERY T/C 360PS MHEV 5 DOOR S,DISCOVERY,,,,,,,,,,,,,
DISCOVERY T/C 360PS MHEV DOOR R-DYNAMIC HSE,DISCOVERY T/C 360PS MHEV DOOR R-DYNAMIC HSE,DISCOVERY,,,,,,,,,,,,,
DISCOVERY T/C 360PS PETROL AWD 5 DOOR AUTO R-DYNAMIC HSE,DISCOVERY T/C 360PS PETROL AWD 5 DOOR AUTO R-DYNAMIC HSE,DISCOVERY,,,,,,,,,,,,,
DISCOVERY T/C 5 DOOR 300PS METROPOLITAN EDITION,DISCOVERY T/C 5 DOOR 300PS METROPOLITAN EDITION,DISCOVERY,,,,,,,,,,,,,
DISCOVERY T/C 5 DOOR 300PS R-DYNAMIC HSE,DISCOVERY T/C 5 DOOR 300PS R-DYNAMIC HSE,DISCOVERY,,,,,,,,,,,,,
RANGE ROVER  EVOQUE  P250 FIRST EDITION,RANGE ROVER  EVOQUE  P250 FIRST EDITION,RANGE ROVER EVOQUE,,,,,,,,,,,,,
RANGE ROVER  EVOQUE 286HP AUT.BIO,RANGE ROVER  EVOQUE 286HP AUT.BIO,RANGE ROVER EVOQUE,,,,,,,,,,,,,
RANGE ROVER  EVOQUE 286HP HSE DYNAMIC,RANGE ROVER  EVOQUE 286HP HSE DYNAMIC,RANGE ROVER EVOQUE,,,,,,,,,,,,,
RANGE ROVER  EVOQUE AUT.BIO,RANGE ROVER  EVOQUE AUT.BIO,RANGE ROVER EVOQUE,,,,,,,,,,,,,
RANGE ROVER  EVOQUE CONVERTIBLE HSE DYNAMIC,RANGE ROVER  EVOQUE CONVERTIBLE HSE DYNAMIC,RANGE ROVER EVOQUE,,,,,,,,,,,,,
RANGE ROVER  EVOQUE CONVERTIBLE SE DYNAMIC,RANGE ROVER  EVOQUE CONVERTIBLE SE DYNAMIC,RANGE ROVER EVOQUE,,,,,,,,,,,,,
RANGE ROVER  EVOQUE HSE,RANGE ROVER  EVOQUE HSE,RANGE ROVER EVOQUE,,,,,,,,,,,,,
RANGE ROVER  EVOQUE HSE DYNAMIC ,RANGE ROVER  EVOQUE HSE DYNAMIC ,RANGE ROVER EVOQUE,,,,,,,,,,,,,
RANGE ROVER  EVOQUE LANDMARK EDITION,RANGE ROVER  EVOQUE LANDMARK EDITION,RANGE ROVER EVOQUE,,,,,,,,,,,,,
RANGE ROVER  EVOQUE P250 S,RANGE ROVER  EVOQUE P250 S,RANGE ROVER EVOQUE,,,,,,,,,,,,,
RANGE ROVER  EVOQUE P250 SE,RANGE ROVER  EVOQUE P250 SE,RANGE ROVER EVOQUE,,,,,,,,,,,,,
RANGE ROVER  EVOQUE P300 R-DYNAMIC HSE,RANGE ROVER  EVOQUE P300 R-DYNAMIC HSE,RANGE ROVER EVOQUE,,,,,,,,,,,,,
RANGE ROVER  EVOQUE P300 R-DYNAMIC S,RANGE ROVER  EVOQUE P300 R-DYNAMIC S,RANGE ROVER EVOQUE,,,,,,,,,,,,,
RANGE ROVER  EVOQUE P300 R-DYNAMIC SE,RANGE ROVER  EVOQUE P300 R-DYNAMIC SE,RANGE ROVER EVOQUE,,,,,,,,,,,,,
RANGE ROVER  EVOQUE R-DYNAMIC HSE ,RANGE ROVER  EVOQUE R-DYNAMIC HSE ,RANGE ROVER EVOQUE,,,,,,,,,,,,,
RANGE ROVER  EVOQUE R-DYNAMIC S,RANGE ROVER  EVOQUE R-DYNAMIC S,RANGE ROVER EVOQUE,,,,,,,,,,,,,
RANGE ROVER  EVOQUE R-DYNAMIC SE,RANGE ROVER  EVOQUE R-DYNAMIC SE,RANGE ROVER EVOQUE,,,,,,,,,,,,,
RANGE ROVER  EVOQUE S,RANGE ROVER  EVOQUE S,RANGE ROVER EVOQUE,,,,,,,,,,,,,
RANGE ROVER  EVOQUE SE,RANGE ROVER  EVOQUE SE,RANGE ROVER EVOQUE,,,,,,,,,,,,,
RANGE ROVER  EVOQUE SE PREMIUM,RANGE ROVER  EVOQUE SE PREMIUM,RANGE ROVER EVOQUE,,,,,,,,,,,,,
RANGE ROVER EVOQUE  HSE DYNAMIC,RANGE ROVER EVOQUE  HSE DYNAMIC,RANGE ROVER EVOQUE,,,,,,,,,,,,,
RANGE ROVER EVOQUE  HSE DYNAMIC CONVERTIBLE,RANGE ROVER EVOQUE  HSE DYNAMIC CONVERTIBLE,RANGE ROVER EVOQUE,,,,,,,,,,,,,
RANGE ROVER EVOQUE  T/C  5 DOOR  199PS R-DYNAMIC S,RANGE ROVER EVOQUE  T/C  5 DOOR  199PS R-DYNAMIC S,RANGE ROVER EVOQUE,,,,,,,,,,,,,
RANGE ROVER EVOQUE  T/C  5 DOOR  249PS AUTOBIOGRAPHY,RANGE ROVER EVOQUE  T/C  5 DOOR  249PS AUTOBIOGRAPHY,RANGE ROVER EVOQUE,,,,,,,,,,,,,
RANGE ROVER EVOQUE  T/C  5 DOOR  249PS R-DYNAMIC S,RANGE ROVER EVOQUE  T/C  5 DOOR  249PS R-DYNAMIC S,RANGE ROVER EVOQUE,,,,,,,,,,,,,
RANGE ROVER EVOQUE  T/C  5 DOOR  249PS R-DYNAMIC SE,RANGE ROVER EVOQUE  T/C  5 DOOR  249PS R-DYNAMIC SE,RANGE ROVER EVOQUE,,,,,,,,,,,,,
RANGE ROVER EVOQUE  T/C  5 DOOR  249PS S,RANGE ROVER EVOQUE  T/C  5 DOOR  249PS S,RANGE ROVER EVOQUE,,,,,,,,,,,,,
RANGE ROVER EVOQUE  T/C  5 DOOR 199PS LAFAYETTE EDITION,RANGE ROVER EVOQUE  T/C  5 DOOR 199PS LAFAYETTE EDITION,RANGE ROVER EVOQUE,,,,,,,,,,,,,
RANGE ROVER EVOQUE  T/C  5 DOOR 199PS R-DYNAMIC HSE,RANGE ROVER EVOQUE  T/C  5 DOOR 199PS R-DYNAMIC HSE,RANGE ROVER EVOQUE,,,,,,,,,,,,,
RANGE ROVER EVOQUE  T/C  5 DOOR 199PS R-DYNAMIC SE,RANGE ROVER EVOQUE  T/C  5 DOOR 199PS R-DYNAMIC SE,RANGE ROVER EVOQUE,,,,,,,,,,,,,
RANGE ROVER EVOQUE  T/C  5 DOOR 249PS AUTOBIOGRAPHY,RANGE ROVER EVOQUE  T/C  5 DOOR 249PS AUTOBIOGRAPHY,RANGE ROVER EVOQUE,,,,,,,,,,,,,
RANGE ROVER EVOQUE  T/C  AWD 5 DOOR 199PS AUTOBIOGRAPHY,RANGE ROVER EVOQUE  T/C  AWD 5 DOOR 199PS AUTOBIOGRAPHY,RANGE ROVER EVOQUE,,,,,,,,,,,,,
RANGE ROVER EVOQUE  T/C 249PS  5 DOOR  S,RANGE ROVER EVOQUE  T/C 249PS  5 DOOR  S,RANGE ROVER EVOQUE,,,,,,,,,,,,,
RANGE ROVER EVOQUE  T/C 249PS  5 DOOR R-DYNAMIC SE,RANGE ROVER EVOQUE  T/C 249PS  5 DOOR R-DYNAMIC SE,RANGE ROVER EVOQUE,,,,,,,,,,,,,
RANGE ROVER EVOQUE  T/C 249PS 5 DOOR,RANGE ROVER EVOQUE  T/C 249PS 5 DOOR,RANGE ROVER EVOQUE,,,,,,,,,,,,,
RANGE ROVER EVOQUE  T/C 249PS 5 DOOR  R-DYNAMIC HSE,RANGE ROVER EVOQUE  T/C 249PS 5 DOOR  R-DYNAMIC HSE,RANGE ROVER EVOQUE,,,,,,,,,,,,,
RANGE ROVER EVOQUE  T/C 5 DOOR  199PS BRONZE COLLECTION,RANGE ROVER EVOQUE  T/C 5 DOOR  199PS BRONZE COLLECTION,RANGE ROVER EVOQUE,,,,,,,,,,,,,
RANGE ROVER EVOQUE  T/C 5 DOOR  199PS R-DYNAMIC HSE,RANGE ROVER EVOQUE  T/C 5 DOOR  199PS R-DYNAMIC HSE,RANGE ROVER EVOQUE,,,,,,,,,,,,,
RANGE ROVER EVOQUE  T/C 5 DOOR 199PS AUTOBIOGRAPHY,RANGE ROVER EVOQUE  T/C 5 DOOR 199PS AUTOBIOGRAPHY,RANGE ROVER EVOQUE,,,,,,,,,,,,,
RANGE ROVER EVOQUE  T/C 5 DOOR 199PS BRONZE COLLECTION,RANGE ROVER EVOQUE  T/C 5 DOOR 199PS BRONZE COLLECTION,RANGE ROVER EVOQUE,,,,,,,,,,,,,
RANGE ROVER EVOQUE  T/C 5 DOOR 199PS R-DYNAMIC SE,RANGE ROVER EVOQUE  T/C 5 DOOR 199PS R-DYNAMIC SE,RANGE ROVER EVOQUE,,,,,,,,,,,,,
RANGE ROVER EVOQUE  T/C 5 DOOR 199PS S,RANGE ROVER EVOQUE  T/C 5 DOOR 199PS S,RANGE ROVER EVOQUE,,,,,,,,,,,,,
RANGE ROVER EVOQUE  T/C 5 DOOR 249PS BRONZE COLLECTION,RANGE ROVER EVOQUE  T/C 5 DOOR 249PS BRONZE COLLECTION,RANGE ROVER EVOQUE,,,,,,,,,,,,,
RANGE ROVER EVOQUE  T/C AWD 5 DOOR 249PS R-DYNAMIC HSE,RANGE ROVER EVOQUE  T/C AWD 5 DOOR 249PS R-DYNAMIC HSE,RANGE ROVER EVOQUE,,,,,,,,,,,,,
RANGE ROVER EVOQUE  T/C DIESEL  5 DOOR  199PS S,RANGE ROVER EVOQUE  T/C DIESEL  5 DOOR  199PS S,RANGE ROVER EVOQUE,,,,,,,,,,,,,
RANGE ROVER EVOQUE 1999CC T/C DIESEL AWD 5 DOOR 199PS R-DYNAMIC SE,RANGE ROVER EVOQUE 1999CC T/C DIESEL AWD 5 DOOR 199PS R-DYNAMIC SE,RANGE ROVER EVOQUE,,,,,,,,,,,,,
RANGE ROVER EVOQUE AUTOBIOGRAPHY,RANGE ROVER EVOQUE AUTOBIOGRAPHY,RANGE ROVER EVOQUE,,,,,,,,,,,,,
RANGE ROVER EVOQUE HSE,RANGE ROVER EVOQUE HSE,RANGE ROVER EVOQUE,,,,,,,,,,,,,
RANGE ROVER EVOQUE LAND MARK EDITION,RANGE ROVER EVOQUE LAND MARK EDITION,RANGE ROVER EVOQUE,,,,,,,,,,,,,
RANGE ROVER EVOQUE SE,RANGE ROVER EVOQUE SE,RANGE ROVER EVOQUE,,,,,,,,,,,,,
RANGE ROVER EVOQUE SE DYNAMIC,RANGE ROVER EVOQUE SE DYNAMIC,RANGE ROVER EVOQUE,,,,,,,,,,,,,
RANGE ROVER EVOQUE SE PREMIUM,RANGE ROVER EVOQUE SE PREMIUM,RANGE ROVER EVOQUE,,,,,,,,,,,,,
RANGE ROVER EVOQUE T/C  5 DOOR 199PS,RANGE ROVER EVOQUE T/C  5 DOOR 199PS,RANGE ROVER EVOQUE,,,,,,,,,,,,,
RANGE ROVER EVOQUE T/C  5 DOOR 199PS AUTOBIOGRAPHY,RANGE ROVER EVOQUE T/C  5 DOOR 199PS AUTOBIOGRAPHY,RANGE ROVER EVOQUE,,,,,,,,,,,,,
RANGE ROVER EVOQUE T/C  5 DOOR 199PS S,RANGE ROVER EVOQUE T/C  5 DOOR 199PS S,RANGE ROVER EVOQUE,,,,,,,,,,,,,
RANGE ROVER EVOQUE T/C  5 DOOR 249PS BRONZE COLLECTION,RANGE ROVER EVOQUE T/C  5 DOOR 249PS BRONZE COLLECTION,RANGE ROVER EVOQUE,,,,,,,,,,,,,
RANGE ROVER EVOQUE T/C 249PS 5 DOOR R-DYNAMIC HSE,RANGE ROVER EVOQUE T/C 249PS 5 DOOR R-DYNAMIC HSE,RANGE ROVER EVOQUE,,,,,,,,,,,,,
RANGE ROVER EVOQUE T/C DIESEL  5 DOOR 199PS R-DYNAMIC HSE,RANGE ROVER EVOQUE T/C DIESEL  5 DOOR 199PS R-DYNAMIC HSE,RANGE ROVER EVOQUE,,,,,,,,,,,,,
RANGE ROVER  SPORT HSE ,RANGE ROVER  SPORT HSE ,RANGE ROVER SPORT,,,,,,,,,,,,,
RANGE ROVER  SPORT HSE SILVER EDITION ,RANGE ROVER  SPORT HSE SILVER EDITION ,RANGE ROVER SPORT,,,,,,,,,,,,,
RANGE ROVER  SPORT MHEV HSE,RANGE ROVER  SPORT MHEV HSE,RANGE ROVER SPORT,,,,,,,,,,,,,
RANGE ROVER  SPORT MHEV HSE SILVER EDITION,RANGE ROVER  SPORT MHEV HSE SILVER EDITION,RANGE ROVER SPORT,,,,,,,,,,,,,
RANGE ROVER  SPORT MHEV HST,RANGE ROVER  SPORT MHEV HST,RANGE ROVER SPORT,,,,,,,,,,,,,
RANGE ROVER  SPORT MHEV SE,RANGE ROVER  SPORT MHEV SE,RANGE ROVER SPORT,,,,,,,,,,,,,
RANGE ROVER  SPORT PHEV AUT.BIO.,RANGE ROVER  SPORT PHEV AUT.BIO.,RANGE ROVER SPORT,,,,,,,,,,,,,
RANGE ROVER  SPORT PHEV HSE  ,RANGE ROVER  SPORT PHEV HSE  ,RANGE ROVER SPORT,,,,,,,,,,,,,
RANGE ROVER  SPORT PHEV HSE SILVER EDITION ,RANGE ROVER  SPORT PHEV HSE SILVER EDITION ,RANGE ROVER SPORT,,,,,,,,,,,,,
RANGE ROVER  SPORT SE,RANGE ROVER  SPORT SE,RANGE ROVER SPORT,,,,,,,,,,,,,
RANGE ROVER  SPORT SUPER. AUTO. BIO,RANGE ROVER  SPORT SUPER. AUTO. BIO,RANGE ROVER SPORT,,,,,,,,,,,,,
RANGE ROVER  SPORT SUPER. AUTO.BIO.,RANGE ROVER  SPORT SUPER. AUTO.BIO.,RANGE ROVER SPORT,,,,,,,,,,,,,
RANGE ROVER  SPORT SUPER. DYNAMIC,RANGE ROVER  SPORT SUPER. DYNAMIC,RANGE ROVER SPORT,,,,,,,,,,,,,
RANGE ROVER  SPORT SUPER. HSE,RANGE ROVER  SPORT SUPER. HSE,RANGE ROVER SPORT,,,,,,,,,,,,,
RANGE ROVER  SPORT SUPER. HSE DYNAMIC,RANGE ROVER  SPORT SUPER. HSE DYNAMIC,RANGE ROVER SPORT,,,,,,,,,,,,,
RANGE ROVER  SPORT SUPER. HSE DYNAMIC,RANGE ROVER  SPORT SUPER. HSE DYNAMIC,RANGE ROVER SPORT,,,,,,,,,,,,,
RANGE ROVER  SPORT SUPER. SE,RANGE ROVER  SPORT SUPER. SE,RANGE ROVER SPORT,,,,,,,,,,,,,
RANGE ROVER  SPORT SUPER. SVR,RANGE ROVER  SPORT SUPER. SVR,RANGE ROVER SPORT,,,,,,,,,,,,,
RANGE ROVER  SPORT SUPER. SVR ,RANGE ROVER  SPORT SUPER. SVR ,RANGE ROVER SPORT,,,,,,,,,,,,,
RANGE ROVER  SPORT SUPER. SVR CARBON EDITION,RANGE ROVER  SPORT SUPER. SVR CARBON EDITION,RANGE ROVER SPORT,,,,,,,,,,,,,
RANGE ROVER SPORT  S/C 525PS  5 DOOR AUTO HSE DYNAMIC BLACK,RANGE ROVER SPORT  S/C 525PS  5 DOOR AUTO HSE DYNAMIC BLACK,RANGE ROVER SPORT,,,,,,,,,,,,,
RANGE ROVER SPORT  S/C 525PS  5 DOOR AUTOBIOGRAPHY DYNAMIC,RANGE ROVER SPORT  S/C 525PS  5 DOOR AUTOBIOGRAPHY DYNAMIC,RANGE ROVER SPORT,,,,,,,,,,,,,
RANGE ROVER SPORT  S/C 575PS  5 DOOR AUTO SVR,RANGE ROVER SPORT  S/C 575PS  5 DOOR AUTO SVR,RANGE ROVER SPORT,,,,,,,,,,,,,
RANGE ROVER SPORT  T/C  5 DOOR  350PS AUTOBIOGRAPHY,RANGE ROVER SPORT  T/C  5 DOOR  350PS AUTOBIOGRAPHY,RANGE ROVER SPORT,,,,,,,,,,,,,
RANGE ROVER SPORT  T/C  5 DOOR 350PS DYNAMIC S,RANGE ROVER SPORT  T/C  5 DOOR 350PS DYNAMIC S,RANGE ROVER SPORT,,,,,,,,,,,,,
RANGE ROVER SPORT  T/C  5 DOOR 350PS FIRST EDITION,RANGE ROVER SPORT  T/C  5 DOOR 350PS FIRST EDITION,RANGE ROVER SPORT,,,,,,,,,,,,,
RANGE ROVER SPORT  T/C  5 DOOR 360PS HSE SILVER,RANGE ROVER SPORT  T/C  5 DOOR 360PS HSE SILVER,RANGE ROVER SPORT,,,,,,,,,,,,,
RANGE ROVER SPORT  T/C  5 DOOR 530PS FIRST EDITION,RANGE ROVER SPORT  T/C  5 DOOR 530PS FIRST EDITION,RANGE ROVER SPORT,,,,,,,,,,,,,
RANGE ROVER SPORT  T/C  MHEV  5 DOOR 400PS DYNAMIC SE,RANGE ROVER SPORT  T/C  MHEV  5 DOOR 400PS DYNAMIC SE,RANGE ROVER SPORT,,,,,,,,,,,,,
RANGE ROVER SPORT  T/C 249PS 5 DOOR S,RANGE ROVER SPORT  T/C 249PS 5 DOOR S,RANGE ROVER SPORT,,,,,,,,,,,,,
RANGE ROVER SPORT  T/C 249PS 5 DOOR SE,RANGE ROVER SPORT  T/C 249PS 5 DOOR SE,RANGE ROVER SPORT,,,,,,,,,,,,,
RANGE ROVER SPORT  T/C 258PS  5 DOOR HSE,RANGE ROVER SPORT  T/C 258PS  5 DOOR HSE,RANGE ROVER SPORT,,,,,,,,,,,,,
RANGE ROVER SPORT  T/C 258PS 5 DOOR  S,RANGE ROVER SPORT  T/C 258PS 5 DOOR  S,RANGE ROVER SPORT,,,,,,,,,,,,,
RANGE ROVER SPORT  T/C 258PS 5 DOOR SE,RANGE ROVER SPORT  T/C 258PS 5 DOOR SE,RANGE ROVER SPORT,,,,,,,,,,,,,
RANGE ROVER SPORT  T/C 300PS  5 DOOR S,RANGE ROVER SPORT  T/C 300PS  5 DOOR S,RANGE ROVER SPORT,,,,,,,,,,,,,
RANGE ROVER SPORT  T/C 360PS 5 DOOR  HSE,RANGE ROVER SPORT  T/C 360PS 5 DOOR  HSE,RANGE ROVER SPORT,,,,,,,,,,,,,
RANGE ROVER SPORT  T/C 360PS 5 DOOR S,RANGE ROVER SPORT  T/C 360PS 5 DOOR S,RANGE ROVER SPORT,,,,,,,,,,,,,
RANGE ROVER SPORT  T/C 400PS  5 DOOR HST,RANGE ROVER SPORT  T/C 400PS  5 DOOR HST,RANGE ROVER SPORT,,,,,,,,,,,,,
RANGE ROVER SPORT  T/C 5 DOOR  350PS DYNAMIC HSE,RANGE ROVER SPORT  T/C 5 DOOR  350PS DYNAMIC HSE,RANGE ROVER SPORT,,,,,,,,,,,,,
RANGE ROVER SPORT  T/C 5 DOOR  350PS DYNAMIC SE,RANGE ROVER SPORT  T/C 5 DOOR  350PS DYNAMIC SE,RANGE ROVER SPORT,,,,,,,,,,,,,
RANGE ROVER SPORT  T/C 5 DOOR 530PS AUTOBIOGRAPHY,RANGE ROVER SPORT  T/C 5 DOOR 530PS AUTOBIOGRAPHY,RANGE ROVER SPORT,,,,,,,,,,,,,
RANGE ROVER SPORT  T/C 5 DOOR 530PS DYNAMIC HSE,RANGE ROVER SPORT  T/C 5 DOOR 530PS DYNAMIC HSE,RANGE ROVER SPORT,,,,,,,,,,,,,
RANGE ROVER SPORT S/C 525PS  5 DOOR DYNAMIC HSE,RANGE ROVER SPORT S/C 525PS  5 DOOR DYNAMIC HSE,RANGE ROVER SPORT,,,,,,,,,,,,,
RANGE ROVER SPORT S/C 525PS  5 DOOR HSE DYNAMIC BLACK,RANGE ROVER SPORT S/C 525PS  5 DOOR HSE DYNAMIC BLACK,RANGE ROVER SPORT,,,,,,,,,,,,,
RANGE ROVER SPORT S/C 525PS 5 DOOR AUTOBIOGRAPHY DYNAMIC,RANGE ROVER SPORT S/C 525PS 5 DOOR AUTOBIOGRAPHY DYNAMIC,RANGE ROVER SPORT,,,,,,,,,,,,,
RANGE ROVER SPORT S/C 525PS 5 DOOR DYNAMIC HSE,RANGE ROVER SPORT S/C 525PS 5 DOOR DYNAMIC HSE,RANGE ROVER SPORT,,,,,,,,,,,,,
RANGE ROVER SPORT S/C 575PS  5 DOOR SVR,RANGE ROVER SPORT S/C 575PS  5 DOOR SVR,RANGE ROVER SPORT,,,,,,,,,,,,,
RANGE ROVER SPORT S/C 575PS  5 DOOR SVR CARBON EDITION,RANGE ROVER SPORT S/C 575PS  5 DOOR SVR CARBON EDITION,RANGE ROVER SPORT,,,,,,,,,,,,,
RANGE ROVER SPORT S/C 575PS 5 DOOR SVR CARBON EDITION,RANGE ROVER SPORT S/C 575PS 5 DOOR SVR CARBON EDITION,RANGE ROVER SPORT,,,,,,,,,,,,,
RANGE ROVER SPORT T/C  5 DOOR  360PS HSE SILVER,RANGE ROVER SPORT T/C  5 DOOR  360PS HSE SILVER,RANGE ROVER SPORT,,,,,,,,,,,,,
RANGE ROVER SPORT T/C  5 DOOR 350PS HSE DYNAMIC BLACK,RANGE ROVER SPORT T/C  5 DOOR 350PS HSE DYNAMIC BLACK,RANGE ROVER SPORT,,,,,,,,,,,,,
RANGE ROVER SPORT T/C  MHEV 5 DOOR  400PS DYNAMIC S,RANGE ROVER SPORT T/C  MHEV 5 DOOR  400PS DYNAMIC S,RANGE ROVER SPORT,,,,,,,,,,,,,
RANGE ROVER SPORT T/C 249PS 5 DOOR HSE,RANGE ROVER SPORT T/C 249PS 5 DOOR HSE,RANGE ROVER SPORT,,,,,,,,,,,,,
RANGE ROVER SPORT T/C 258PS  5 DOOR HSE,RANGE ROVER SPORT T/C 258PS  5 DOOR HSE,RANGE ROVER SPORT,,,,,,,,,,,,,
RANGE ROVER SPORT T/C 258PS 5 DOOR S,RANGE ROVER SPORT T/C 258PS 5 DOOR S,RANGE ROVER SPORT,,,,,,,,,,,,,
RANGE ROVER SPORT T/C 300PS 5 DOOR HSE,RANGE ROVER SPORT T/C 300PS 5 DOOR HSE,RANGE ROVER SPORT,,,,,,,,,,,,,
RANGE ROVER SPORT T/C 300PS 5 DOOR SE,RANGE ROVER SPORT T/C 300PS 5 DOOR SE,RANGE ROVER SPORT,,,,,,,,,,,,,
RANGE ROVER SPORT T/C 350PS 5 DOOR HSE DYNAMIC,RANGE ROVER SPORT T/C 350PS 5 DOOR HSE DYNAMIC,RANGE ROVER SPORT,,,,,,,,,,,,,
RANGE ROVER SPORT T/C 360PS 5 DOOR  SE,RANGE ROVER SPORT T/C 360PS 5 DOOR  SE,RANGE ROVER SPORT,,,,,,,,,,,,,
RANGE ROVER SPORT T/C 360PS 5 DOOR HSE,RANGE ROVER SPORT T/C 360PS 5 DOOR HSE,RANGE ROVER SPORT,,,,,,,,,,,,,
RANGE ROVER SPORT T/C 360PS 5 DOOR S,RANGE ROVER SPORT T/C 360PS 5 DOOR S,RANGE ROVER SPORT,,,,,,,,,,,,,
RANGE ROVER SPORT T/C 360PS 5 DOOR SE,RANGE ROVER SPORT T/C 360PS 5 DOOR SE,RANGE ROVER SPORT,,,,,,,,,,,,,
RANGE ROVER SPORT T/C 400PS 5 DOOR HST,RANGE ROVER SPORT T/C 400PS 5 DOOR HST,RANGE ROVER SPORT,,,,,,,,,,,,,
RANGE ROVER SPORT T/C 5 DOOR 350PS HST,RANGE ROVER SPORT T/C 5 DOOR 350PS HST,RANGE ROVER SPORT,,,,,,,,,,,,,
RANGE ROVER  T/C  5 DOOR  530PS FIRST EDITION,RANGE ROVER  T/C  5 DOOR  530PS FIRST EDITION,RANGE ROVER  T/C,,,,,,,,,,,,,
RANGE ROVER  T/C  5 DOOR 350PS AUTOBIOGRAPHY,RANGE ROVER  T/C  5 DOOR 350PS AUTOBIOGRAPHY,RANGE ROVER  T/C,,,,,,,,,,,,,
RANGE ROVER  T/C  5 DOOR 530PS AUTOBIOGRAPHY,RANGE ROVER  T/C  5 DOOR 530PS AUTOBIOGRAPHY,RANGE ROVER  T/C,,,,,,,,,,,,,
RANGE ROVER  T/C  5 DOOR LWB 350PS HSE,RANGE ROVER  T/C  5 DOOR LWB 350PS HSE,RANGE ROVER  T/C,,,,,,,,,,,,,
RANGE ROVER  T/C  5 DOOR LWB 530PS AUTOBIGRAPHY 7 SEATS,RANGE ROVER  T/C  5 DOOR LWB 530PS AUTOBIGRAPHY 7 SEATS,RANGE ROVER  T/C,,,,,,,,,,,,,
RANGE ROVER  T/C  5 DOOR LWB 530PS HSE,RANGE ROVER  T/C  5 DOOR LWB 530PS HSE,RANGE ROVER  T/C,,,,,,,,,,,,,
RANGE ROVER  T/C  AWD 5 DOOR LWB 350PS FIRST EDITION,RANGE ROVER  T/C  AWD 5 DOOR LWB 350PS FIRST EDITION,RANGE ROVER  T/C,,,,,,,,,,,,,
RANGE ROVER  T/C  MHEV 5 DOOR 360PS SE,RANGE ROVER  T/C  MHEV 5 DOOR 360PS SE,RANGE ROVER  T/C,,,,,,,,,,,,,
RANGE ROVER  T/C  MHEV AWD 5 DOOR 360PS,RANGE ROVER  T/C  MHEV AWD 5 DOOR 360PS,RANGE ROVER  T/C,,,,,,,,,,,,,
RANGE ROVER  T/C 339PS 5 DOOR  VOGUE SE,RANGE ROVER  T/C 339PS 5 DOOR  VOGUE SE,RANGE ROVER  T/C,,,,,,,,,,,,,
RANGE ROVER  T/C 339PS 5 DOOR AUTOBIOGRAPHY,RANGE ROVER  T/C 339PS 5 DOOR AUTOBIOGRAPHY,RANGE ROVER  T/C,,,,,,,,,,,,,
RANGE ROVER  T/C 339PS 5 DOOR LWB SVAUTOBIOGRAPHY,RANGE ROVER  T/C 339PS 5 DOOR LWB SVAUTOBIOGRAPHY,RANGE ROVER  T/C,,,,,,,,,,,,,
RANGE ROVER  T/C 339PS 5 DOOR SVAUTOBIOGRAPHY,RANGE ROVER  T/C 339PS 5 DOOR SVAUTOBIOGRAPHY,RANGE ROVER  T/C,,,,,,,,,,,,,
RANGE ROVER  T/C 339PS 5 DOOR VOGUE SE,RANGE ROVER  T/C 339PS 5 DOOR VOGUE SE,RANGE ROVER  T/C,,,,,,,,,,,,,
RANGE ROVER  T/C 400PS  5 DOOR AUTOBIOGRAPHY,RANGE ROVER  T/C 400PS  5 DOOR AUTOBIOGRAPHY,RANGE ROVER  T/C,,,,,,,,,,,,,
RANGE ROVER  T/C 400PS  5 DOOR VOGUE SE,RANGE ROVER  T/C 400PS  5 DOOR VOGUE SE,RANGE ROVER  T/C,,,,,,,,,,,,,
RANGE ROVER  T/C 5 DOOR  350PS HSE,RANGE ROVER  T/C 5 DOOR  350PS HSE,RANGE ROVER  T/C,,,,,,,,,,,,,
RANGE ROVER  T/C 5 DOOR 350PS AUTOBIOGRAPHY,RANGE ROVER  T/C 5 DOOR 350PS AUTOBIOGRAPHY,RANGE ROVER  T/C,,,,,,,,,,,,,
RANGE ROVER  T/C 5 DOOR 530PS SV,RANGE ROVER  T/C 5 DOOR 530PS SV,RANGE ROVER  T/C,,,,,,,,,,,,,
RANGE ROVER  T/C 5 DOOR AUTO 530PS FIRST EDITION,RANGE ROVER  T/C 5 DOOR AUTO 530PS FIRST EDITION,RANGE ROVER  T/C,,,,,,,,,,,,,
RANGE ROVER  T/C 5 DOOR LWB 530PS AUTOBIOGRAPHY,RANGE ROVER  T/C 5 DOOR LWB 530PS AUTOBIOGRAPHY,RANGE ROVER  T/C,,,,,,,,,,,,,
RANGE ROVER  T/C AWD 5 DOOR LWB 350PS HSE,RANGE ROVER  T/C AWD 5 DOOR LWB 350PS HSE,RANGE ROVER  T/C,,,,,,,,,,,,,
RANGE ROVER  T/C AWD 5 DOOR LWB 350PS HSE 7 SEATS,RANGE ROVER  T/C AWD 5 DOOR LWB 350PS HSE 7 SEATS,RANGE ROVER  T/C,,,,,,,,,,,,,
RANGE ROVER  T/C MHEV  5 DOOR LWB  360PS HSE 7 SEATS,RANGE ROVER  T/C MHEV  5 DOOR LWB  360PS HSE 7 SEATS,RANGE ROVER  T/C,,,,,,,,,,,,,
RANGE ROVER  T/C MHEV 5 DOOR  400PS FIRST EDITION,RANGE ROVER  T/C MHEV 5 DOOR  400PS FIRST EDITION,RANGE ROVER  T/C,,,,,,,,,,,,,
RANGE ROVER  T/C MHEV 5 DOOR AUTO 360PS AUTOBIOGRAPHY,RANGE ROVER  T/C MHEV 5 DOOR AUTO 360PS AUTOBIOGRAPHY,RANGE ROVER  T/C,,,,,,,,,,,,,
RANGE ROVER T/C   5 DOOR LWB  350PS AUTOBIOGRAPHY 7 SEATS,RANGE ROVER T/C   5 DOOR LWB  350PS AUTOBIOGRAPHY 7 SEATS,RANGE ROVER  T/C,,,,,,,,,,,,,
RANGE ROVER T/C  5 DOOR  350PS FIRST EDITION,RANGE ROVER T/C  5 DOOR  350PS FIRST EDITION,RANGE ROVER  T/C,,,,,,,,,,,,,
RANGE ROVER T/C  5 DOOR  530PS AUTOBIOGRAPHY,RANGE ROVER T/C  5 DOOR  530PS AUTOBIOGRAPHY,RANGE ROVER  T/C,,,,,,,,,,,,,
RANGE ROVER T/C  5 DOOR 350PS FIRST EDITION,RANGE ROVER T/C  5 DOOR 350PS FIRST EDITION,RANGE ROVER  T/C,,,,,,,,,,,,,
RANGE ROVER T/C  5 DOOR 350PS SE,RANGE ROVER T/C  5 DOOR 350PS SE,RANGE ROVER  T/C,,,,,,,,,,,,,
RANGE ROVER T/C  5 DOOR 350PS SV,RANGE ROVER T/C  5 DOOR 350PS SV,RANGE ROVER  T/C,,,,,,,,,,,,,
RANGE ROVER T/C  5 DOOR 530PS HSE,RANGE ROVER T/C  5 DOOR 530PS HSE,RANGE ROVER  T/C,,,,,,,,,,,,,
RANGE ROVER T/C  5 DOOR LWB  530PS HSE 7 SEATS,RANGE ROVER T/C  5 DOOR LWB  530PS HSE 7 SEATS,RANGE ROVER  T/C,,,,,,,,,,,,,
RANGE ROVER T/C  5 DOOR LWB 350PS AUTOBIOGRAPHY,RANGE ROVER T/C  5 DOOR LWB 350PS AUTOBIOGRAPHY,RANGE ROVER  T/C,,,,,,,,,,,,,
RANGE ROVER T/C  5 DOOR LWB 350PS HSE 7 SEATS,RANGE ROVER T/C  5 DOOR LWB 350PS HSE 7 SEATS,RANGE ROVER  T/C,,,,,,,,,,,,,
RANGE ROVER T/C  5 DOOR LWB 350PS SV,RANGE ROVER T/C  5 DOOR LWB 350PS SV,RANGE ROVER  T/C,,,,,,,,,,,,,
RANGE ROVER T/C  5 DOOR LWB 530PS SV,RANGE ROVER T/C  5 DOOR LWB 530PS SV,RANGE ROVER  T/C,,,,,,,,,,,,,
RANGE ROVER T/C  AWD 5 DOOR LWB  530PS FIRST EDITION,RANGE ROVER T/C  AWD 5 DOOR LWB  530PS FIRST EDITION,RANGE ROVER  T/C,,,,,,,,,,,,,
RANGE ROVER T/C  AWD 5 DOOR LWB 530PS HSE 7 SEATS,RANGE ROVER T/C  AWD 5 DOOR LWB 530PS HSE 7 SEATS,RANGE ROVER  T/C,,,,,,,,,,,,,
RANGE ROVER T/C  MHEV 5 DOOR  360PS HSE,RANGE ROVER T/C  MHEV 5 DOOR  360PS HSE,RANGE ROVER  T/C,,,,,,,,,,,,,
RANGE ROVER T/C  MHEV 5 DOOR 360PS HSE,RANGE ROVER T/C  MHEV 5 DOOR 360PS HSE,RANGE ROVER  T/C,,,,,,,,,,,,,
RANGE ROVER T/C  MHEV 5 DOOR 400PS FIRST EDITION,RANGE ROVER T/C  MHEV 5 DOOR 400PS FIRST EDITION,RANGE ROVER  T/C,,,,,,,,,,,,,
RANGE ROVER T/C  MHEV 5 DOOR LWB 360PS HSE,RANGE ROVER T/C  MHEV 5 DOOR LWB 360PS HSE,RANGE ROVER  T/C,,,,,,,,,,,,,
RANGE ROVER T/C  MHEV AWD 5 DOOR LWB 360PS AUTOBIOGRAPHY,RANGE ROVER T/C  MHEV AWD 5 DOOR LWB 360PS AUTOBIOGRAPHY,RANGE ROVER  T/C,,,,,,,,,,,,,
RANGE ROVER T/C  MHEV AWD 5 DOOR LWB 360PS HSE,RANGE ROVER T/C  MHEV AWD 5 DOOR LWB 360PS HSE,RANGE ROVER  T/C,,,,,,,,,,,,,
RANGE ROVER T/C 258PS 5 DOOR  VOGUE,RANGE ROVER T/C 258PS 5 DOOR  VOGUE,RANGE ROVER  T/C,,,,,,,,,,,,,
RANGE ROVER T/C 258PS 5 DOOR AUTO VOGUE,RANGE ROVER T/C 258PS 5 DOOR AUTO VOGUE,RANGE ROVER  T/C,,,,,,,,,,,,,
RANGE ROVER T/C 339PS 5 DOOR  AUTOBIOGRAPHY,RANGE ROVER T/C 339PS 5 DOOR  AUTOBIOGRAPHY,RANGE ROVER  T/C,,,,,,,,,,,,,
RANGE ROVER T/C 339PS 5 DOOR AUTOBIOGRAPHY,RANGE ROVER T/C 339PS 5 DOOR AUTOBIOGRAPHY,RANGE ROVER  T/C,,,,,,,,,,,,,
RANGE ROVER T/C 339PS 5 DOOR LWB AUTOBIOGRAPHY,RANGE ROVER T/C 339PS 5 DOOR LWB AUTOBIOGRAPHY,RANGE ROVER  T/C,,,,,,,,,,,,,
RANGE ROVER T/C 339PS 5 DOOR LWB VOGUE SE,RANGE ROVER T/C 339PS 5 DOOR LWB VOGUE SE,RANGE ROVER  T/C,,,,,,,,,,,,,
RANGE ROVER T/C 339PS 5 DOOR VOGUE SE,RANGE ROVER T/C 339PS 5 DOOR VOGUE SE,RANGE ROVER  T/C,,,,,,,,,,,,,
RANGE ROVER T/C 360PS 5 DOOR VOGUE,RANGE ROVER T/C 360PS 5 DOOR VOGUE,RANGE ROVER  T/C,,,,,,,,,,,,,
RANGE ROVER T/C 360PS PETROL 5 DOOR VOGUE,RANGE ROVER T/C 360PS PETROL 5 DOOR VOGUE,RANGE ROVER  T/C,,,,,,,,,,,,,
RANGE ROVER T/C 400PS  5 DOOR SVAUTOBIOGRAPHY,RANGE ROVER T/C 400PS  5 DOOR SVAUTOBIOGRAPHY,RANGE ROVER  T/C,,,,,,,,,,,,,
RANGE ROVER T/C 400PS  5 DOOR VOGUE SE,RANGE ROVER T/C 400PS  5 DOOR VOGUE SE,RANGE ROVER  T/C,,,,,,,,,,,,,
RANGE ROVER T/C 400PS 5 DOOR AUTOBIOGRAPHY,RANGE ROVER T/C 400PS 5 DOOR AUTOBIOGRAPHY,RANGE ROVER  T/C,,,,,,,,,,,,,
RANGE ROVER T/C 400PS 5 DOOR LWB  VOGUE SE,RANGE ROVER T/C 400PS 5 DOOR LWB  VOGUE SE,RANGE ROVER  T/C,,,,,,,,,,,,,
RANGE ROVER T/C 400PS 5 DOOR LWB AUTOBIOGRAPHY,RANGE ROVER T/C 400PS 5 DOOR LWB AUTOBIOGRAPHY,RANGE ROVER  T/C,,,,,,,,,,,,,
RANGE ROVER T/C 400PS 5 DOOR LWB SVAUTOBIOGRAPHY,RANGE ROVER T/C 400PS 5 DOOR LWB SVAUTOBIOGRAPHY,RANGE ROVER  T/C,,,,,,,,,,,,,
RANGE ROVER T/C 5 DOOR 350PS HSE,RANGE ROVER T/C 5 DOOR 350PS HSE,RANGE ROVER  T/C,,,,,,,,,,,,,
RANGE ROVER T/C 5 DOOR 530PS HSE,RANGE ROVER T/C 5 DOOR 530PS HSE,RANGE ROVER  T/C,,,,,,,,,,,,,
RANGE ROVER T/C 5 DOOR LWB 350PS AUTOBIOGRAPHY,RANGE ROVER T/C 5 DOOR LWB 350PS AUTOBIOGRAPHY,RANGE ROVER  T/C,,,,,,,,,,,,,
RANGE ROVER T/C 5 DOOR LWB 350PS AUTOBIOGRAPHY 7 SEATS,RANGE ROVER T/C 5 DOOR LWB 350PS AUTOBIOGRAPHY 7 SEATS,RANGE ROVER  T/C,,,,,,,,,,,,,
RANGE ROVER T/C 5 DOOR LWB 350PS FIRST EDITION,RANGE ROVER T/C 5 DOOR LWB 350PS FIRST EDITION,RANGE ROVER  T/C,,,,,,,,,,,,,
RANGE ROVER T/C 5 DOOR LWB 530PS AUTOBIOGRAPHY,RANGE ROVER T/C 5 DOOR LWB 530PS AUTOBIOGRAPHY,RANGE ROVER  T/C,,,,,,,,,,,,,
RANGE ROVER T/C 5 DOOR LWB 530PS FIRST EDITION,RANGE ROVER T/C 5 DOOR LWB 530PS FIRST EDITION,RANGE ROVER  T/C,,,,,,,,,,,,,
RANGE ROVER T/C MHEV 5 DOOR 360PS AUTOBIOGRAPHY,RANGE ROVER T/C MHEV 5 DOOR 360PS AUTOBIOGRAPHY,RANGE ROVER  T/C,,,,,,,,,,,,,
RANGE ROVER T/C MHEV 5 DOOR LWB  360PS AUTOBIOGRAPHY,RANGE ROVER T/C MHEV 5 DOOR LWB  360PS AUTOBIOGRAPHY,RANGE ROVER  T/C,,,,,,,,,,,,,
RANGE ROVER T/C MHEV 5 DOOR LWB 360PS AUTOBIOGRAPHY 7 SEATS,RANGE ROVER T/C MHEV 5 DOOR LWB 360PS AUTOBIOGRAPHY 7 SEATS,RANGE ROVER  T/C,,,,,,,,,,,,,
RANGE ROVER T/C MHEV 5 DOOR LWB 360PS HSE 7 SEATS,RANGE ROVER T/C MHEV 5 DOOR LWB 360PS HSE 7 SEATS,RANGE ROVER  T/C,,,,,,,,,,,,,
RANGE ROVER  S/C  5 DOOR 525PS FIFTY,RANGE ROVER  S/C  5 DOOR 525PS FIFTY,RANGE ROVER  S/C ,,,,,,,,,,,,,
RANGE ROVER  S/C  5 DOOR 525PS WESTMINSTER BLACK,RANGE ROVER  S/C  5 DOOR 525PS WESTMINSTER BLACK,RANGE ROVER  S/C ,,,,,,,,,,,,,
RANGE ROVER  S/C 5 DOOR 525PS WESTMINSTER,RANGE ROVER  S/C 5 DOOR 525PS WESTMINSTER,RANGE ROVER  S/C ,,,,,,,,,,,,,
RANGE ROVER  S/C 525PS  5 DOOR  VOGUE SE,RANGE ROVER  S/C 525PS  5 DOOR  VOGUE SE,RANGE ROVER  S/C ,,,,,,,,,,,,,
RANGE ROVER  S/C 525PS  5 DOOR LWB  VOGUE SE,RANGE ROVER  S/C 525PS  5 DOOR LWB  VOGUE SE,RANGE ROVER  S/C ,,,,,,,,,,,,,
RANGE ROVER  S/C 565PS  5 DOOR LWB SVAUTOBIOGRAPHY,RANGE ROVER  S/C 565PS  5 DOOR LWB SVAUTOBIOGRAPHY,RANGE ROVER  S/C ,,,,,,,,,,,,,
RANGE ROVER S/C 5 DOOR  525PS WESTMINSTER,RANGE ROVER S/C 5 DOOR  525PS WESTMINSTER,RANGE ROVER  S/C ,,,,,,,,,,,,,
RANGE ROVER S/C 5 DOOR 525PS FIFTY,RANGE ROVER S/C 5 DOOR 525PS FIFTY,RANGE ROVER  S/C ,,,,,,,,,,,,,
RANGE ROVER S/C 5 DOOR 525PS WESTMINSTER BLACK,RANGE ROVER S/C 5 DOOR 525PS WESTMINSTER BLACK,RANGE ROVER  S/C ,,,,,,,,,,,,,
RANGE ROVER S/C 525PS   5 DOOR  VOGUE SE,RANGE ROVER S/C 525PS   5 DOOR  VOGUE SE,RANGE ROVER  S/C ,,,,,,,,,,,,,
RANGE ROVER S/C 525PS  5 DOOR AUTOBIOGRAPHY,RANGE ROVER S/C 525PS  5 DOOR AUTOBIOGRAPHY,RANGE ROVER  S/C ,,,,,,,,,,,,,
RANGE ROVER S/C 525PS  5 DOOR LWB AUTOBIOGRAPHY,RANGE ROVER S/C 525PS  5 DOOR LWB AUTOBIOGRAPHY,RANGE ROVER  S/C ,,,,,,,,,,,,,
RANGE ROVER S/C 525PS 5 DOOR AUTOBIOGRAPHY,RANGE ROVER S/C 525PS 5 DOOR AUTOBIOGRAPHY,RANGE ROVER  S/C ,,,,,,,,,,,,,
RANGE ROVER S/C 525PS 5 DOOR VOGUE SE,RANGE ROVER S/C 525PS 5 DOOR VOGUE SE,RANGE ROVER  S/C ,,,,,,,,,,,,,
RANGE ROVER S/C 565PS  5 DOOR DYNAMIC SVAUTOBIOGRAPHY,RANGE ROVER S/C 565PS  5 DOOR DYNAMIC SVAUTOBIOGRAPHY,RANGE ROVER  S/C ,,,,,,,,,,,,,
RANGE ROVER S/C 565PS  5 DOOR SVAUTOBIOGRAPHY DYNAMIC,RANGE ROVER S/C 565PS  5 DOOR SVAUTOBIOGRAPHY DYNAMIC,RANGE ROVER  S/C ,,,,,,,,,,,,,
RANGE ROVER S/C 565PS 5 DOOR SVAUTOBIOGRAPHY,RANGE ROVER S/C 565PS 5 DOOR SVAUTOBIOGRAPHY,RANGE ROVER  S/C ,,,,,,,,,,,,,
RANGE ROVER S/C 565PS 5 DOOR SVAUTOBIOGRAPHY DYNAMIC BLACK,RANGE ROVER S/C 565PS 5 DOOR SVAUTOBIOGRAPHY DYNAMIC BLACK,RANGE ROVER  S/C ,,,,,,,,,,,,,
RANGE ROVER  S/C  5 DOOR 525PS FIFTY,RANGE ROVER  S/C  5 DOOR 525PS FIFTY,RANGE ROVER  S/C ,,,,,,,,,,,,,
RANGE ROVER  S/C  5 DOOR 525PS WESTMINSTER BLACK,RANGE ROVER  S/C  5 DOOR 525PS WESTMINSTER BLACK,RANGE ROVER  S/C ,,,,,,,,,,,,,
RANGE ROVER  S/C 5 DOOR 525PS WESTMINSTER,RANGE ROVER  S/C 5 DOOR 525PS WESTMINSTER,RANGE ROVER  S/C ,,,,,,,,,,,,,
RANGE ROVER  S/C 525PS  5 DOOR  VOGUE SE,RANGE ROVER  S/C 525PS  5 DOOR  VOGUE SE,RANGE ROVER  S/C ,,,,,,,,,,,,,
RANGE ROVER  S/C 525PS  5 DOOR LWB  VOGUE SE,RANGE ROVER  S/C 525PS  5 DOOR LWB  VOGUE SE,RANGE ROVER  S/C ,,,,,,,,,,,,,
RANGE ROVER  S/C 565PS  5 DOOR LWB SVAUTOBIOGRAPHY,RANGE ROVER  S/C 565PS  5 DOOR LWB SVAUTOBIOGRAPHY,RANGE ROVER  S/C ,,,,,,,,,,,,,
RANGE ROVER VELAR  T/C   5 DOOR 199PS R-DYNAMIC HSE,RANGE ROVER VELAR  T/C   5 DOOR 199PS R-DYNAMIC HSE,RANGE ROVER VELAR  T/C,,,,,,,,,,,,,
RANGE ROVER VELAR  T/C  5 DOOR  199PS R-DYNAMIC SE,RANGE ROVER VELAR  T/C  5 DOOR  199PS R-DYNAMIC SE,RANGE ROVER VELAR  T/C,,,,,,,,,,,,,
RANGE ROVER VELAR  T/C  5 DOOR  199PS S,RANGE ROVER VELAR  T/C  5 DOOR  199PS S,RANGE ROVER VELAR  T/C,,,,,,,,,,,,,
RANGE ROVER VELAR  T/C  5 DOOR  250PS R-DYNAMIC HSE,RANGE ROVER VELAR  T/C  5 DOOR  250PS R-DYNAMIC HSE,RANGE ROVER VELAR  T/C,,,,,,,,,,,,,
RANGE ROVER VELAR  T/C  5 DOOR  250PS R-DYNAMIC LIMITED EDITION,RANGE ROVER VELAR  T/C  5 DOOR  250PS R-DYNAMIC LIMITED EDITION,RANGE ROVER VELAR  T/C,,,,,,,,,,,,,
RANGE ROVER VELAR  T/C  5 DOOR 199PS LIMITED EDITION,RANGE ROVER VELAR  T/C  5 DOOR 199PS LIMITED EDITION,RANGE ROVER VELAR  T/C,,,,,,,,,,,,,
RANGE ROVER VELAR  T/C  5 DOOR 199PS R-DYNAMIC LE,RANGE ROVER VELAR  T/C  5 DOOR 199PS R-DYNAMIC LE,RANGE ROVER VELAR  T/C,,,,,,,,,,,,,
RANGE ROVER VELAR  T/C  5 DOOR 199PS R-DYNAMIC SE,RANGE ROVER VELAR  T/C  5 DOOR 199PS R-DYNAMIC SE,RANGE ROVER VELAR  T/C,,,,,,,,,,,,,
RANGE ROVER VELAR  T/C  5 DOOR 199PS S,RANGE ROVER VELAR  T/C  5 DOOR 199PS S,RANGE ROVER VELAR  T/C,,,,,,,,,,,,,
RANGE ROVER VELAR  T/C  5 DOOR 250PS LIMITED EDITION,RANGE ROVER VELAR  T/C  5 DOOR 250PS LIMITED EDITION,RANGE ROVER VELAR  T/C,,,,,,,,,,,,,
RANGE ROVER VELAR  T/C  5 DOOR 250PS R-DYNAMIC SE,RANGE ROVER VELAR  T/C  5 DOOR 250PS R-DYNAMIC SE,RANGE ROVER VELAR  T/C,,,,,,,,,,,,,
RANGE ROVER VELAR  T/C  5 DOOR 300PS R-DYNAMIC HSE,RANGE ROVER VELAR  T/C  5 DOOR 300PS R-DYNAMIC HSE,RANGE ROVER VELAR  T/C,,,,,,,,,,,,,
RANGE ROVER VELAR  T/C  5 DOOR 300PS R-DYNAMIC LE,RANGE ROVER VELAR  T/C  5 DOOR 300PS R-DYNAMIC LE,RANGE ROVER VELAR  T/C,,,,,,,,,,,,,
RANGE ROVER VELAR  T/C  5 DOOR 300PS R-DYNAMIC S,RANGE ROVER VELAR  T/C  5 DOOR 300PS R-DYNAMIC S,RANGE ROVER VELAR  T/C,,,,,,,,,,,,,
RANGE ROVER VELAR  T/C  5 DOOR 300PS S,RANGE ROVER VELAR  T/C  5 DOOR 300PS S,RANGE ROVER VELAR  T/C,,,,,,,,,,,,,
RANGE ROVER VELAR  T/C  5 DOOR 340PS S,RANGE ROVER VELAR  T/C  5 DOOR 340PS S,RANGE ROVER VELAR  T/C,,,,,,,,,,,,,
RANGE ROVER VELAR  T/C  MHEV 5 DOOR 340PS R-DYNAMIC LE,RANGE ROVER VELAR  T/C  MHEV 5 DOOR 340PS R-DYNAMIC LE,RANGE ROVER VELAR  T/C,,,,,,,,,,,,,
RANGE ROVER VELAR  T/C  MHEV 5 DOOR 340PS R-DYNAMIC S,RANGE ROVER VELAR  T/C  MHEV 5 DOOR 340PS R-DYNAMIC S,RANGE ROVER VELAR  T/C,,,,,,,,,,,,,
RANGE ROVER VELAR  T/C  MHEV AWD  5 DOOR 340PS S,RANGE ROVER VELAR  T/C  MHEV AWD  5 DOOR 340PS S,RANGE ROVER VELAR  T/C,,,,,,,,,,,,,
RANGE ROVER VELAR  T/C 250PS  5 DOOR AUTO R-DYNAMIC SE,RANGE ROVER VELAR  T/C 250PS  5 DOOR AUTO R-DYNAMIC SE,RANGE ROVER VELAR  T/C,,,,,,,,,,,,,
RANGE ROVER VELAR  T/C 250PS  5 DOOR R-DYNAMIC HSE,RANGE ROVER VELAR  T/C 250PS  5 DOOR R-DYNAMIC HSE,RANGE ROVER VELAR  T/C,,,,,,,,,,,,,
RANGE ROVER VELAR  T/C 250PS  5 R-DYNAMIC SE,RANGE ROVER VELAR  T/C 250PS  5 R-DYNAMIC SE,RANGE ROVER VELAR  T/C,,,,,,,,,,,,,
RANGE ROVER VELAR  T/C 5 DOOR  199PS R-DYNAMIC HSE,RANGE ROVER VELAR  T/C 5 DOOR  199PS R-DYNAMIC HSE,RANGE ROVER VELAR  T/C,,,,,,,,,,,,,
RANGE ROVER VELAR  T/C 5 DOOR 250PS R-DYNAMIC LE,RANGE ROVER VELAR  T/C 5 DOOR 250PS R-DYNAMIC LE,RANGE ROVER VELAR  T/C,,,,,,,,,,,,,
RANGE ROVER VELAR  T/C AWD 5 DOOR 199PS R-DYNAMIC LIMITED EDITION,RANGE ROVER VELAR  T/C AWD 5 DOOR 199PS R-DYNAMIC LIMITED EDITION,RANGE ROVER VELAR  T/C,,,,,,,,,,,,,
RANGE ROVER VELAR  T/C MHEV   5 DOOR 340PS R-DYNAMIC HSE,RANGE ROVER VELAR  T/C MHEV   5 DOOR 340PS R-DYNAMIC HSE,RANGE ROVER VELAR  T/C,,,,,,,,,,,,,
RANGE ROVER VELAR 250,RANGE ROVER VELAR 251,RANGE ROVER VELAR  T/C,,,,,,,,,,,,,
RANGE ROVER VELAR T/C   5 DOOR  250PS S,RANGE ROVER VELAR T/C   5 DOOR  250PS S,RANGE ROVER VELAR  T/C,,,,,,,,,,,,,
RANGE ROVER VELAR T/C  5 DOOR 199PS R-DYNAMIC S,RANGE ROVER VELAR T/C  5 DOOR 199PS R-DYNAMIC S,RANGE ROVER VELAR  T/C,,,,,,,,,,,,,
RANGE ROVER VELAR T/C  5 DOOR 300PS R-DYNAMIC LIMITED EDITION,RANGE ROVER VELAR T/C  5 DOOR 300PS R-DYNAMIC LIMITED EDITION,RANGE ROVER VELAR  T/C,,,,,,,,,,,,,
RANGE ROVER VELAR T/C  5 DOOR 340PS LIMITED EDITION,RANGE ROVER VELAR T/C  5 DOOR 340PS LIMITED EDITION,RANGE ROVER VELAR  T/C,,,,,,,,,,,,,
RANGE ROVER VELAR T/C  MHEV 5 340PS R-DYNAMIC HSE,RANGE ROVER VELAR T/C  MHEV 5 340PS R-DYNAMIC HSE,RANGE ROVER VELAR  T/C,,,,,,,,,,,,,
RANGE ROVER VELAR T/C  MHEV AWD 5 DOOR 340PS R-DYNAMIC SE,RANGE ROVER VELAR T/C  MHEV AWD 5 DOOR 340PS R-DYNAMIC SE,RANGE ROVER VELAR  T/C,,,,,,,,,,,,,
RANGE ROVER VELAR T/C 250PS  5 DOOR AUTO S,RANGE ROVER VELAR T/C 250PS  5 DOOR AUTO S,RANGE ROVER VELAR  T/C,,,,,,,,,,,,,
RANGE ROVER VELAR T/C 250PS 5 DOOR  R-DYNAMIC S,RANGE ROVER VELAR T/C 250PS 5 DOOR  R-DYNAMIC S,RANGE ROVER VELAR  T/C,,,,,,,,,,,,,
RANGE ROVER VELAR T/C 250PS 5 DOOR R-DYNAMIC HSE,RANGE ROVER VELAR T/C 250PS 5 DOOR R-DYNAMIC HSE,RANGE ROVER VELAR  T/C,,,,,,,,,,,,,
RANGE ROVER VELAR T/C 5 DOOR 199PS R-DYNAMIC HSE,RANGE ROVER VELAR T/C 5 DOOR 199PS R-DYNAMIC HSE,RANGE ROVER VELAR  T/C,,,,,,,,,,,,,
RANGE ROVER VELAR T/C 5 DOOR 199PS R-DYNAMIC SE,RANGE ROVER VELAR T/C 5 DOOR 199PS R-DYNAMIC SE,RANGE ROVER VELAR  T/C,,,,,,,,,,,,,
RANGE ROVER VELAR T/C 5 DOOR 300PS R-DYNAMIC HSE,RANGE ROVER VELAR T/C 5 DOOR 300PS R-DYNAMIC HSE,RANGE ROVER VELAR  T/C,,,,,,,,,,,,,
RANGE ROVER VELAR T/C 5 DOOR 300PS R-DYNAMIC SE,RANGE ROVER VELAR T/C 5 DOOR 300PS R-DYNAMIC SE,RANGE ROVER VELAR  T/C,,,,,,,,,,,,,
RANGE ROVER VELAR T/C 5 DOOR 300PS S,RANGE ROVER VELAR T/C 5 DOOR 300PS S,RANGE ROVER VELAR  T/C,,,,,,,,,,,,,
RANGE ROVER VELAR T/C 5 DOOR 340PS R-DYNAMIC HSE,RANGE ROVER VELAR T/C 5 DOOR 340PS R-DYNAMIC HSE,RANGE ROVER VELAR  T/C,,,,,,,,,,,,,
RANGE ROVER VELAR T/C 5 DOOR 340PS R-DYNAMIC SE,RANGE ROVER VELAR T/C 5 DOOR 340PS R-DYNAMIC SE,RANGE ROVER VELAR  T/C,,,,,,,,,,,,,
RANGE ROVER VELAR T/C DIESEL AWD 5 DOOR 300PS LIMITED EDITION,RANGE ROVER VELAR T/C DIESEL AWD 5 DOOR 300PS LIMITED EDITION,RANGE ROVER VELAR  T/C,,,,,,,,,,,,,
RANGE ROVER VELAR T/C MHEV 5 DOOR  340PS R-DYNAMIC LIMITED EDITION,RANGE ROVER VELAR T/C MHEV 5 DOOR  340PS R-DYNAMIC LIMITED EDITION,RANGE ROVER VELAR  T/C,,,,,,,,,,,,,
RANGE ROVER VELAR T/C MHEV 5 DOOR 340PS R-DYNAMIC SE,RANGE ROVER VELAR T/C MHEV 5 DOOR 340PS R-DYNAMIC SE,RANGE ROVER VELAR  T/C,,,,,,,,,,,,,
RANGE ROVER  AUT.BIOGRAPHY LWB,RANGE ROVER  AUT.BIOGRAPHY LWB,RANGE ROVER,,,,,,,,,,,,,
RANGE ROVER SUPER. AUTO.BIO. LWB,RANGE ROVER SUPER. AUTO.BIO. LWB,RANGE ROVER,,,,,,,,,,,,,
RANGE ROVER SUPER. AUTO.BIO. SWB,RANGE ROVER SUPER. AUTO.BIO. SWB,RANGE ROVER,,,,,,,,,,,,,
RANGE ROVER SUPER. HSE SWB,RANGE ROVER SUPER. HSE SWB,RANGE ROVER,,,,,,,,,,,,,
RANGE ROVER SUPER. SWB,RANGE ROVER SUPER. SWB,RANGE ROVER,,,,,,,,,,,,,
RANGE ROVER SUPERCHARGED,RANGE ROVER SUPERCHARGED,RANGE ROVER,,,,,,,,,,,,,
RANGE ROVER SUPERCHARGED,RANGE ROVER SUPERCHARGED,RANGE ROVER,,,,,,,,,,,,,
RANGE ROVER SUPERCHARGED AUTOBIOGRAPHY,RANGE ROVER SUPERCHARGED AUTOBIOGRAPHY,RANGE ROVER,,,,,,,,,,,,,
RANGE ROVER SUPERCHARGED AUTOBIOGRAPHY LWB,RANGE ROVER SUPERCHARGED AUTOBIOGRAPHY LWB,RANGE ROVER,,,,,,,,,,,,,
RANGE ROVER SUPERCHARGED AUTOBIOGRAPHY SV DYNAMIC,RANGE ROVER SUPERCHARGED AUTOBIOGRAPHY SV DYNAMIC,RANGE ROVER,,,,,,,,,,,,,
RANGE ROVER SUPERCHARGED AUTOBIOGRAPHY SV LWB,RANGE ROVER SUPERCHARGED AUTOBIOGRAPHY SV LWB,RANGE ROVER,,,,,,,,,,,,,
RANGE ROVER SUPERCHARGED HSE,RANGE ROVER SUPERCHARGED HSE,RANGE ROVER,,,,,,,,,,,,,
RANGE ROVER SUPERCHARGED LWB,RANGE ROVER SUPERCHARGED LWB,RANGE ROVER,,,,,,,,,,,,,
RANGE ROVER SV  AUTO.BIO. DYNAMIC SWB,RANGE ROVER SV  AUTO.BIO. DYNAMIC SWB,RANGE ROVER,,,,,,,,,,,,,
RANGE ROVER SV AUTO.BIO. LWB,RANGE ROVER SV AUTO.BIO. LWB,RANGE ROVER,,,,,,,,,,,,,
RANGE ROVER SWB,RANGE ROVER SWB,RANGE ROVER,,,,,,,,,,,,,
RANGE ROVER SWB,RANGE ROVER SWB,RANGE ROVER,,,,,,,,,,,,,
RANGE ROVER TD6 DIESEL HSE SWB,RANGE ROVER TD6 DIESEL HSE SWB,RANGE ROVER,,,,,,,,,,,,,
RANGE ROVER TD6 DIESEL SWB,RANGE ROVER TD6 DIESEL SWB,RANGE ROVER,,,,,,,,,,,,,
RANGE ROVER TURBOCHARGED TD6,RANGE ROVER TURBOCHARGED TD7,RANGE ROVER,,,,,,,,,,,,,
RANGE ROVER TURBOCHARGED TD6 HSE,RANGE ROVER TURBOCHARGED TD6 HSE,RANGE ROVER,,,,,,,,,,,,,
RANGE ROVER AUT.BIO SWB ,RANGE ROVER AUT.BIO SWB ,RANGE ROVER,,,,,,,,,,,,,
RANGE ROVER FIFTY   LWB,RANGE ROVER FIFTY   LWB,RANGE ROVER,,,,,,,,,,,,,
RANGE ROVER FIFTY   SWB,RANGE ROVER FIFTY   SWB,RANGE ROVER,,,,,,,,,,,,,
RANGE ROVER HSE SWB,RANGE ROVER HSE SWB,RANGE ROVER,,,,,,,,,,,,,
RANGE ROVER P525 HSE LWB,RANGE ROVER P525 HSE LWB,RANGE ROVER,,,,,,,,,,,,,
RANGE ROVER P525 HSE SWB,RANGE ROVER P525 HSE SWB,RANGE ROVER,,,,,,,,,,,,,
RANGE ROVER P525 WESTMINSTER LWB,RANGE ROVER P525 WESTMINSTER LWB,RANGE ROVER,,,,,,,,,,,,,
RANGE ROVER P525 WESTMINSTER SWB,RANGE ROVER P525 WESTMINSTER SWB,RANGE ROVER,,,,,,,,,,,,,
RANGE ROVER  PHEV  AUT.BIO,RANGE ROVER  PHEV  AUT.BIO,RANGE ROVER,,,,,,,,,,,,,
RANGE ROVER  PHEV HSE,RANGE ROVER  PHEV HSE,RANGE ROVER,,,,,,,,,,,,,
RANGE ROVER  PHEV,RANGE ROVER  PHEV,RANGE ROVER,,,,,,,,,,,,,
